代號,名稱,市場,成交張數,法人買賣超(張),佔股本比(%),力度z,近60日佔股本比均值(%),快線MA20(%),慢線MA60(%),買方轉強
3597,映興,上櫃,1215,49,0.1239,8.82,0.0022,0.0073,0.0041,✓
3268,海德威,上櫃,1042,121,0.3485,6.29,0.0042,0.0266,0.0115,
1459,聯發,上市,1209,201,0.0747,5.76,0.0021,0.007,0.0033,
1773,勝一,上市,2509,1095,0.3649,5.1,-0.0228,0.0278,-0.0164,
6190,萬泰科,上櫃,8930,2509,1.3453,4.76,0.0179,0.1026,0.0428,
6658,聯策,上市,1603,346,0.9009,4.56,-0.0085,0.0676,0.005,
6164,華興,上市,2694,587,0.7344,4.03,-0.0271,0.0424,-0.0103,
3311,閎暉,上市,12252,1327,1.3271,3.83,0.0494,0.2479,0.0726,
2611,志信,上市,2302,508,0.2688,3.63,-0.0025,0.0174,0.0013,
2308,台達電,上市,17839,8352,0.3215,3.47,-0.0262,0.0037,-0.0202,
6134,萬旭,上櫃,1302,206,0.2515,3.32,-0.0215,0.0256,-0.0142,
5464,霖宏,上櫃,1411,523,0.7365,3.2,-0.0907,-0.0513,-0.0748,✓
6209,今國光,上市,18484,3211,1.779,3.18,-0.0368,0.0435,-0.0096,✓
5285,界霖,上市,4731,787,0.771,2.99,0.023,0.0865,0.036,
6419,京晨科,上櫃,1495,170,1.2881,2.95,0.043,0.0843,0.0696,✓
3491,昇達科,上櫃,2358,622,0.9037,2.85,-0.0414,0.0059,-0.029,✓
3717,聯嘉投控,上市,16062,2572,1.2376,2.63,-0.01,0.1582,0.0148,
4989,榮科,上市,19470,2882,1.668,2.62,-0.1795,0.0825,-0.126,
3105,穩懋,上櫃,48128,11577,2.7309,2.56,0.2333,0.6618,0.2777,
8358,金居,上櫃,42174,6100,2.415,2.45,-0.3677,-0.1297,-0.3264,
6005,群益證,上市,14270,4836,0.197,2.43,-0.0694,-0.0389,-0.0587,
2426,鼎元,上市,27454,10049,3.3428,2.39,-0.0249,0.0419,0.0449,
9933,中鼎,上市,23071,3119,0.3303,2.35,0.0244,0.0446,0.032,
6691,洋基工程,上市,2022,572,0.428,2.24,-0.0513,0.0736,-0.0394,
1477,聚陽,上市,2064,1141,0.4623,2.18,-0.0815,0.0092,-0.0732,
3023,信邦,上市,1582,718,0.2991,2.12,0.012,0.0257,0.0202,
