代號,名稱,市場,法人買賣超(張),佔股本比(%),力度z,近60日佔股本比均值(%),快線MA20(%),慢線MA60(%),買方轉強
1605,華新,上市,3342,0.0754,42.11,0.0003,0.0048,0.0016,
1101,台泥,上市,4828,0.0642,9.06,-0.0002,0.0054,0.0009,
7749,意騰-KY,上市,30,0.0645,7.06,0.0019,0.0071,0.003,
7822,倍利科,上市,45,0.0988,6.72,0.0026,0.0128,0.0043,
5236,凌陽創新,上櫃,30,0.05,6.08,0.0011,0.005,0.0019,
2404,漢唐,上市,1162,0.6097,5.09,-0.0219,0.0848,-0.0093,
3533,嘉澤,上市,229,0.2035,3.15,-0.0503,-0.0003,-0.0426,
6505,台塑化,上市,6162,0.0647,2.39,0.0057,0.0196,0.0068,
3665,貿聯-KY,上市,1118,0.5732,2.27,0.0612,0.0614,0.0737,
1477,聚陽,上市,328,0.1331,2.26,0.024,0.0156,0.0237,
