code,name,market,外資,投信,自營,三大法人,shares
00632R,元大台灣50反1,上市,-577100.0,60000.0,63505344.0,62988244.0,1972707730.0
00680L,元大美債20正2,上市,343000.0,0.0,47811268.0,48154268.0,2353076000.0
00953B,群益優選非投等債,上市,39955000.0,-1275000.0,6875441.0,45555441.0,4336175000.0
00664R,國泰臺灣加權反1,上市,-65000.0,0.0,27632827.0,27567827.0,770075000.0
00688L,國泰20年美債正2,上市,231000.0,0.0,26806353.0,27037353.0,1003615000.0
2887,台新新光金,上市,-11846562.0,32381826.0,3542824.0,24078088.0,24866399230.0
00882,中信中國高股息,上市,5789010.0,0.0,14866581.0,20655591.0,2157849000.0
2344,華邦電,上市,22001415.0,50000.0,-5476329.0,16575086.0,4500000193.0
00637L,元大滬深300正2,上市,3822000.0,0.0,10351420.0,14173420.0,1127606000.0
2324,仁寶,上市,2199356.0,6710000.0,58055.0,8967411.0,4407146625.0
00945B,凱基美國非投等債,上市,5594000.0,0.0,2998531.0,8592531.0,938318000.0
00985B,群益ESG投等債0-5,上市,8519000.0,0.0,-578774.0,7940226.0,508001000.0
00665L,富邦恒生國企正2,上市,-937000.0,0.0,8191788.0,7254788.0,534465000.0
00715L,期街口布蘭特正2,上市,12110710.0,0.0,-5038982.0,7071728.0,192191793.0
2891,中信金,上市,-6465664.0,9765915.0,3629978.0,6930229.0,19677816903.0
6443,元晶,上市,5722100.0,0.0,934108.0,6656208.0,538691466.0
2412,中華電,上市,7467105.0,-791154.0,-228109.0,6447842.0,7757446545.0
1605,華新,上市,7147696.0,63000.0,-1375642.0,5835054.0,4431332948.0
00753L,中信中國50正2,上市,3212000.0,0.0,2287463.0,5499463.0,756157000.0
2449,京元電子,上市,4503513.0,865530.0,-138937.0,5230106.0,1222745065.0
3045,台灣大,上市,4231262.0,177373.0,762529.0,5171164.0,3723261811.0
00757,統一FANG+,上市,1760749.0,0.0,3018496.0,4779245.0,352494000.0
009817,國泰日本不動產,上市,30000.0,0.0,4029334.0,4059334.0,322936000.0
00686R,群益臺灣加權反1,上市,-30000.0,0.0,3884451.0,3854451.0,150276000.0
2409,友達,上市,7845236.0,177000.0,-4280805.0,3741431.0,7547098972.0
00635U,期元大S&P黃金,上市,854296.0,0.0,2806895.0,3661191.0,319014000.0
2883,凱基金,上市,827923.0,3061497.0,-440156.0,3449264.0,16974847040.0
8112,至上,上市,2812500.0,-3015.0,448287.0,3257772.0,525291698.0
8110,華東,上市,3331750.0,0.0,-94393.0,3237357.0,517739876.0
009805,台新美國電力基建,上市,1179060.0,0.0,1974685.0,3153745.0,647816000.0
00676R,富邦臺灣加權反1,上市,-4000.0,0.0,2878496.0,2874496.0,146333683.0
00738U,期元大道瓊白銀,上市,564546.0,0.0,2262568.0,2827114.0,284299000.0
00674R,期元大S&P黃金反1,上市,0.0,0.0,2750000.0,2750000.0,99103000.0
2867,三商壽,上市,3227000.0,0.0,-693000.0,2534000.0,5899501044.0
00708L,期元大S&P黃金正2,上市,64125.0,0.0,2387684.0,2451809.0,112073000.0
4938,和碩,上市,1683601.0,193081.0,383971.0,2260653.0,2682165103.0
2880,華南金,上市,-4091698.0,3492063.0,2826784.0,2227149.0,13916965089.0
1504,東元,上市,2586844.0,17000.0,-410572.0,2193272.0,2376440684.0
6770,力積電,上市,5937676.0,114000.0,-4005004.0,2046672.0,4188064801.0
2353,宏碁,上市,1313240.0,300438.0,396413.0,2010091.0,3047853828.0
2890,永豐金,上市,-4281394.0,3560354.0,2697031.0,1975991.0,14502322275.0
8150,南茂,上市,2572480.0,0.0,-615696.0,1956784.0,704523126.0
4919,新唐,上市,2082019.0,0.0,-150082.0,1931937.0,419765268.0
2892,第一金,上市,1651736.0,435406.0,-191424.0,1895718.0,14379468650.0
2331,精英,上市,1936000.0,0.0,-65109.0,1870891.0,557402968.0
00633L,富邦上証正2,上市,-446000.0,0.0,2304145.0,1858145.0,176458000.0
00963,中信全球高股息,上市,1679000.0,0.0,161834.0,1840834.0,91433000.0
2376,技嘉,上市,1654517.0,26000.0,84616.0,1765133.0,669888886.0
6282,康舒,上市,2345991.0,21000.0,-645830.0,1721161.0,856029125.0
00865B,國泰US短期公債,上市,1180000.0,0.0,478466.0,1658466.0,187744000.0
2458,義隆,上市,1257794.0,361936.0,-15073.0,1604657.0,303880392.0
4958,臻鼎-KY,上市,6269038.0,-4081000.0,-588792.0,1599246.0,956652509.0
00648R,元大S&P500反1,上市,-52000.0,0.0,1642298.0,1590298.0,151688000.0
3189,景碩,上市,3042939.0,-726000.0,-801016.0,1515923.0,456925960.0
2371,大同,上市,1228690.0,80000.0,161594.0,1470284.0,2150834851.0
4960,誠美材,上市,1595160.0,0.0,-161306.0,1433854.0,571705388.0
9904,寶成,上市,1016432.0,25249.0,368997.0,1410678.0,2946787213.0
2006,東和鋼鐵,上市,1209974.0,-2742.0,191847.0,1399079.0,730213818.0
2637,慧洋-KY,上市,1586000.0,-2211.0,-220096.0,1363693.0,746409199.0
3036,文曄,上市,-337735.0,2089246.0,-406264.0,1345247.0,1264585901.0
2379,瑞昱,上市,1194069.0,137108.0,5318.0,1336495.0,515512641.0
2352,佳世達,上市,1455260.0,58000.0,-178883.0,1334377.0,1580506505.0
6285,啟碁,上市,2291225.0,-752000.0,-227474.0,1311751.0,484020629.0
00641R,富邦日本反1,上市,-60000.0,0.0,1367263.0,1307263.0,78258000.0
009811,統一美國50,上市,2470400.0,0.0,-1228615.0,1241785.0,380950000.0
6191,精成科,上市,1277500.0,30000.0,-121246.0,1186254.0,499303000.0
00713,元大台灣高息低波,上市,-1530828.0,0.0,2662464.0,1131636.0,2279012000.0
00669R,國泰美國道瓊反1,上市,0.0,0.0,1100814.0,1100814.0,222117000.0
3535,晶彩科,上市,1186300.0,0.0,-89980.0,1096320.0,79052356.0
2882,國泰金,上市,-5098647.0,5791966.0,382969.0,1076288.0,14669210128.0
2520,冠德,上市,1110511.0,0.0,-51682.0,1058829.0,609487110.0
3711,日月光投控,上市,-578708.0,821007.0,769273.0,1011572.0,4422175232.0
00984D,主動聯博全球非投,上市,-25000.0,1800000.0,-799000.0,976000.0,147057000.0
6213,聯茂,上市,1297296.0,0.0,-343859.0,953437.0,362957218.0
009801,中信美國創新科技,上市,768000.0,0.0,154980.0,922980.0,148119000.0
1528,恩德,上市,1049003.0,0.0,-135913.0,913090.0,191331000.0
3034,聯詠,上市,701105.0,127128.0,74546.0,902779.0,608511469.0
2542,興富發,上市,832173.0,24000.0,24741.0,880914.0,2173083539.0
2385,群光,上市,134426.0,571944.0,165875.0,872245.0,760053172.0
00639,富邦深100,上市,176000.0,0.0,678672.0,854672.0,128403000.0
9921,巨大,上市,879944.0,0.0,-33317.0,846627.0,392064626.0
00752,中信中國50,上市,-34000.0,0.0,868304.0,834304.0,311716000.0
3030,德律,上市,1144854.0,0.0,-323816.0,821038.0,236216000.0
6239,力成,上市,70210.0,793000.0,-81923.0,781287.0,759146634.0
6757,台灣虎航,上市,848200.0,0.0,-75771.0,772429.0,459530000.0
8131,福懋科,上市,900500.0,0.0,-131977.0,768523.0,442222223.0
1529,樂事綠能,上市,783365.0,0.0,-20185.0,763180.0,155095074.0
00981T,平衡凱基雙核收息,上市,-112000.0,0.0,804008.0,692008.0,184761000.0
00915,凱基優選高股息30,上市,-2435890.0,0.0,3119277.0,683387.0,859983000.0
00763U,期街口道瓊銅,上市,364000.0,0.0,309397.0,673397.0,77565000.0
4967,十銓,上市,673568.0,0.0,-11158.0,662410.0,84963288.0
00700,富邦恒生國企,上市,391000.0,0.0,249448.0,640448.0,42483000.0
00971,野村美國研發龍頭,上市,25949.0,0.0,576234.0,602183.0,89177000.0
3653,健策,上市,511525.0,128018.0,-41777.0,597766.0,142922005.0
00643,群益深証中小,上市,-432000.0,0.0,1011841.0,579841.0,94073000.0
6451,訊芯-KY,上市,686650.0,0.0,-106874.0,579776.0,107464800.0
2393,億光,上市,519000.0,21796.0,34303.0,575099.0,443393086.0
9939,宏全,上市,601000.0,0.0,-28020.0,572980.0,295786475.0
4904,遠傳,上市,1707138.0,-1185607.0,28331.0,549862.0,3607025357.0
8271,宇瞻,上市,515300.0,0.0,20844.0,536144.0,128129266.0
3023,信邦,上市,460933.0,27000.0,45513.0,533446.0,240069014.0
00655L,國泰中國A50正2,上市,-490000.0,0.0,1022719.0,532719.0,87458000.0
00683L,期元大美元指正2,上市,610000.0,0.0,-85059.0,524941.0,12934000.0
2395,研華,上市,551610.0,54102.0,-82788.0,522924.0,864167125.0
00636,國泰中國A50,上市,-53000.0,0.0,575251.0,522251.0,122825000.0
2855,統一證,上市,515000.0,0.0,0.0,515000.0,1601414478.0
5469,瀚宇博,上市,919000.0,-150000.0,-259525.0,509475.0,486166000.0
2912,統一超,上市,469427.0,69956.0,-32685.0,506698.0,1039622255.0
00650L,復華香港正2,上市,-244000.0,0.0,747919.0,503919.0,118338000.0
00902,中信電池及儲能,上市,-562000.0,0.0,1059338.0,497338.0,306997000.0
2357,華碩,上市,67085.0,271693.0,155279.0,494057.0,742760280.0
1210,大成,上市,576527.0,0.0,-91000.0,485527.0,894767222.0
3010,華立,上市,508000.0,7502.0,-51748.0,463754.0,259436817.0
3013,晟銘電,上市,500200.0,0.0,-37314.0,462886.0,205138930.0
6962,奕力-KY,上市,464040.0,15000.0,-22223.0,456817.0,492396565.0
006205,富邦上証,上市,497000.0,0.0,-49075.0,447925.0,108939000.0
5243,乙盛-KY,上市,505540.0,0.0,-71118.0,434422.0,168528915.0
00910,第一金太空衛星,上市,135241.0,0.0,277264.0,412505.0,89439000.0
1904,正隆,上市,499002.0,0.0,-95296.0,403706.0,1108274522.0
1727,中華化,上市,349000.0,0.0,33509.0,382509.0,125365479.0
2049,上銀,上市,514619.0,0.0,-140563.0,374056.0,353792240.0
2431,聯昌,上市,373000.0,0.0,-1933.0,371067.0,110927014.0
2515,中工,上市,1399900.0,0.0,-1029230.0,370670.0,1607904084.0
1795,美時,上市,1085664.0,-539955.0,-189640.0,356069.0,266873812.0
3645,達邁,上市,308592.0,0.0,45725.0,354317.0,136754207.0
00982D,主動富邦動態入息,上市,-208000.0,0.0,554000.0,346000.0,96729000.0
6415,矽力*-KY,上市,676904.0,-143000.0,-195041.0,338863.0,388056131.0
3044,健鼎,上市,-393360.0,638000.0,78961.0,323601.0,525605898.0
1514,亞力,上市,402578.0,0.0,-83858.0,318720.0,273108473.0
1809,中釉,上市,312000.0,0.0,-5599.0,306401.0,167041937.0
00852L,國泰美國道瓊正2,上市,-32000.0,0.0,336619.0,304619.0,8365000.0
1218,泰山,上市,332000.0,0.0,-29921.0,302079.0,499999038.0
2915,潤泰全,上市,367148.0,0.0,-67000.0,300148.0,1104318772.0
00960,野村全球航運龍頭,上市,-11000.0,0.0,310273.0,299273.0,92495000.0
2399,映泰,上市,308300.0,0.0,-14166.0,294134.0,178100000.0
2442,新美齊,上市,303700.0,0.0,-17000.0,286700.0,325232021.0
2369,菱生,上市,559501.0,0.0,-273571.0,285930.0,380102344.0
3550,聯穎,上市,291724.0,0.0,-8111.0,283613.0,107550000.0
2489,瑞軒,上市,296000.0,0.0,-12500.0,283500.0,610000000.0
3006,晶豪科,上市,823564.0,0.0,-541565.0,281999.0,286172238.0
2374,佳能,上市,536704.0,0.0,-257909.0,278795.0,324579133.0
7780,大研生醫*,上市,318001.0,0.0,-44664.0,273337.0,810024170.0
00913,兆豐台灣晶圓製造,上市,-183000.0,0.0,454771.0,271771.0,22766000.0
2617,台航,上市,301300.0,0.0,-32005.0,269295.0,417294487.0
2495,普安,上市,308900.0,0.0,-42358.0,266542.0,273551538.0
6209,今國光,上市,334000.0,0.0,-73797.0,260203.0,174429171.0
00653L,富邦印度正2,上市,51000.0,0.0,208812.0,259812.0,17403000.0
6781,AES-KY,上市,314726.0,-17000.0,-41177.0,256549.0,85418780.0
3665,貿聯-KY,上市,199126.0,85040.0,-32792.0,251374.0,193969420.0
6558,興能高,上市,250000.0,0.0,-2000.0,248000.0,93788875.0
2329,華泰,上市,980344.0,0.0,-732790.0,247554.0,560004333.0
6024,群益期,上市,243264.0,0.0,0.0,243264.0,249937584.0
2467,志聖,上市,248038.0,0.0,-12300.0,235738.0,156755348.0
4737,華廣,上市,238000.0,0.0,-3000.0,235000.0,77285253.0
6592,和潤企業,上市,284500.0,0.0,-61615.0,222885.0,623150493.0
3708,上緯投控,上市,253000.0,5000.0,-35600.0,222400.0,101767193.0
3149,正達,上市,210001.0,0.0,9716.0,219717.0,226233604.0
9941,裕融,上市,162100.0,0.0,49155.0,211255.0,575636346.0
00898,國泰基因免疫革命,上市,182000.0,0.0,25290.0,207290.0,176476000.0
00964,中信亞太高股息,上市,-147000.0,0.0,353289.0,206289.0,41624000.0
3533,嘉澤,上市,418276.0,-196000.0,-16963.0,205313.0,112534691.0
9136,巨騰-DR,上市,201000.0,0.0,0.0,201000.0,158000000.0
6108,競國,上市,214000.0,0.0,-19091.0,194909.0,159899311.0
6192,巨路,上市,205000.0,0.0,-10532.0,194468.0,96155770.0
2484,希華,上市,200000.0,0.0,-6231.0,193769.0,159421022.0
6206,飛捷,上市,188632.0,-1288.0,2212.0,189556.0,143062324.0
4746,台耀,上市,193000.0,0.0,-5000.0,188000.0,120255963.0
4934,太極,上市,217200.0,0.0,-30000.0,187200.0,225000000.0
6768,志強-KY,上市,198368.0,-1168.0,-12000.0,185200.0,200095061.0
006206,元大上證50,上市,44000.0,0.0,139211.0,183211.0,31778000.0
00903,富邦元宇宙,上市,-179000.0,0.0,358155.0,179155.0,64221000.0
1587,吉茂,上市,182000.0,0.0,-4119.0,177881.0,80055672.0
3504,揚明光,上市,188000.0,0.0,-10418.0,177582.0,114059785.0
009809,富邦淨零ESG50,上市,-5000.0,0.0,182441.0,177441.0,41863000.0
00654R,富邦印度反1,上市,0.0,0.0,167848.0,167848.0,20466000.0
6477,安集,上市,177724.0,0.0,-11084.0,166640.0,123787196.0
9911,櫻花,上市,152264.0,0.0,13378.0,165642.0,222389584.0
1227,佳格,上市,260000.0,0.0,-96566.0,163434.0,915089591.0
2548,華固,上市,214000.0,0.0,-54061.0,159939.0,319718697.0
6715,嘉基,上市,165000.0,0.0,-5464.0,159536.0,66364505.0
00897,富邦基因免疫生技,上市,-477000.0,0.0,630397.0,153397.0,171512000.0
4977,眾達-KY,上市,298889.0,0.0,-152217.0,146672.0,80189841.0
2413,環科,上市,151000.0,0.0,-8000.0,143000.0,127359200.0
2727,王品,上市,152295.0,-1253.0,-11170.0,139872.0,84451109.0
6526,達發,上市,142864.0,25000.0,-29969.0,137895.0,167505554.0
2405,輔信,上市,142600.0,0.0,-9000.0,133600.0,343427303.0
6235,華孚,上市,152000.0,0.0,-18581.0,133419.0,199906306.0
6782,視陽,上市,112000.0,30000.0,-8750.0,133250.0,63000000.0
1419,新紡,上市,155800.0,0.0,-26538.0,129262.0,300041280.0
2337,旺宏,上市,373439.0,0.0,-246999.0,126440.0,1855826441.0
00938,凱基優選30,上市,-256000.0,0.0,381501.0,125501.0,92016000.0
3135,凌航,上市,127800.0,0.0,-3162.0,124638.0,77493405.0
2616,山隆,上市,-76368.0,0.0,198961.0,122593.0,137281827.0
1463,強盛新,上市,127002.0,0.0,-6000.0,121002.0,173268381.0
3028,增你強,上市,140100.0,0.0,-20415.0,119685.0,237241193.0
2404,漢唐,上市,-265025.0,493000.0,-108914.0,119061.0,190586698.0
8033,雷虎,上市,130000.0,0.0,-11000.0,119000.0,152629775.0
00652,富邦印度,上市,-46560.0,0.0,163824.0,117264.0,65535000.0
6698,旭暉應材,上市,113000.0,0.0,836.0,113836.0,66389753.0
9958,世紀鋼,上市,112001.0,6000.0,-7440.0,110561.0,246896665.0
4956,光鋐,上市,112000.0,0.0,-2005.0,109995.0,100408236.0
6409,旭隼,上市,127115.0,1000.0,-19038.0,109077.0,87703566.0
5471,松翰,上市,93400.0,0.0,11394.0,104794.0,167877062.0
2478,大毅,上市,132633.0,0.0,-30144.0,102489.0,144731339.0
6141,柏承,上市,105000.0,0.0,-3000.0,102000.0,113354005.0
00714,群益道瓊美國地產,上市,50000.0,0.0,50066.0,100066.0,25067000.0
8454,富邦媒,上市,116944.0,0.0,-16986.0,99958.0,264975275.0
6112,邁達特,上市,107000.0,0.0,-7706.0,99294.0,188357336.0
2421,建準,上市,112200.0,0.0,-13365.0,98835.0,273443669.0
6541,泰福-KY,上市,114264.0,0.0,-18210.0,96054.0,264680367.0
2013,中鋼構,上市,107000.0,0.0,-13133.0,93867.0,200000000.0
3308,聯德,上市,119000.0,0.0,-25346.0,93654.0,60000000.0
1522,堤維西,上市,143716.0,-3215.0,-46860.0,93641.0,312897881.0
4961,天鈺,上市,80331.0,6000.0,4832.0,91163.0,121253603.0
9940,信義,上市,171000.0,0.0,-82256.0,88744.0,736846500.0
0061,元大寶滬深,上市,-73000.0,0.0,161577.0,88577.0,114116000.0
6890,來億-KY,上市,85809.0,0.0,1893.0,87702.0,249400000.0
2464,盟立,上市,154200.0,0.0,-67102.0,87098.0,206451226.0
4562,穎漢,上市,95000.0,0.0,-8023.0,86977.0,87546000.0
2476,鉅祥,上市,93356.0,0.0,-7382.0,85974.0,210896003.0
2429,銘旺科,上市,77000.0,0.0,8000.0,85000.0,85500000.0
3257,虹冠電,上市,91000.0,0.0,-6000.0,85000.0,79823590.0
6214,精誠,上市,113081.0,0.0,-28492.0,84589.0,272243066.0
00900,富邦特選高股息30,上市,-2862803.0,0.0,2945407.0,82604.0,2221525000.0
8374,羅昇,上市,95000.0,0.0,-13411.0,81589.0,112250487.0
1104,環泥,上市,106200.0,0.0,-24916.0,81284.0,686681816.0
5269,祥碩,上市,97605.0,4000.0,-21188.0,80417.0,74777129.0
1524,耿鼎,上市,83001.0,0.0,-4001.0,79000.0,165310397.0
00731,復華富時高息低波,上市,-233000.0,0.0,308893.0,75893.0,30100000.0
3019,亞光,上市,259131.0,-130.0,-183849.0,75152.0,279243901.0
2347,聯強,上市,-314628.0,120661.0,268273.0,74306.0,1667946968.0
00681R,元大美債20反1,上市,0.0,0.0,73000.0,73000.0,7594000.0
6742,澤米,上市,74000.0,0.0,-1000.0,73000.0,71267948.0
2530,華建,上市,-30400.0,0.0,103000.0,72600.0,839988000.0
6923,中台,上市,78700.0,0.0,-7220.0,71480.0,91488000.0
6552,易華電,上市,71700.0,0.0,-1000.0,70700.0,83000000.0
6957,裕慶-KY,上市,70816.0,0.0,-1663.0,69153.0,55512950.0
1338,廣華-KY,上市,78002.0,0.0,-10000.0,68002.0,83840000.0
2228,劍麟,上市,66000.0,0.0,1944.0,67944.0,79531339.0
4555,氣立,上市,72000.0,0.0,-5991.0,66009.0,69984037.0
1589,永冠-KY,上市,70001.0,0.0,-4000.0,66001.0,153135941.0
7750,新代,上市,71620.0,0.0,-5694.0,65926.0,71843000.0
3032,偉訓,上市,70000.0,0.0,-4316.0,65684.0,113285626.0
2468,華經,上市,67000.0,0.0,-2294.0,64706.0,69961249.0
2612,中航,上市,105000.0,0.0,-41283.0,63717.0,197484593.0
0055,元大MSCI金融,上市,28000.0,0.0,35598.0,63598.0,80154000.0
00717,富邦美國特別股,上市,45150.0,0.0,18000.0,63150.0,143605000.0
020020,元大台股領航N,上市,0.0,0.0,63000.0,63000.0,0.0
1325,恆大,上市,65000.0,0.0,-3000.0,62000.0,85281198.0
00921,兆豐龍頭等權重,上市,-443000.0,0.0,504715.0,61715.0,73770000.0
3027,盛達,上市,65724.0,0.0,-4249.0,61475.0,130100549.0
6689,伊雲谷,上市,67800.0,0.0,-7068.0,60732.0,68000000.0
7769,鴻勁,上市,174697.0,-67000.0,-48371.0,59326.0,179930000.0
2455,全新,上市,265933.0,7000.0,-214544.0,58389.0,184905918.0
6531,愛普*,上市,185800.0,27000.0,-155084.0,57716.0,162492232.0
3447,展達,上市,53000.0,0.0,2443.0,55443.0,77331120.0
2608,嘉里大榮,上市,91000.0,0.0,-35978.0,55022.0,467000498.0
3050,鈺德,上市,66000.0,0.0,-11000.0,55000.0,154984450.0
00982T,平衡兆豐台美動能,上市,-14000.0,0.0,68502.0,54502.0,26097000.0
6202,盛群,上市,73000.0,0.0,-20824.0,52176.0,230388200.0
6155,鈞寶,上市,53950.0,0.0,-2334.0,51616.0,88023988.0
6117,迎廣,上市,55000.0,0.0,-4000.0,51000.0,91516615.0
8422,可寧衛*,上市,371600.0,19000.0,-340255.0,50345.0,1136796050.0
8046,南電,上市,176241.0,7000.0,-133481.0,49760.0,646165487.0
6197,佳必琪,上市,49732.0,0.0,-197.0,49535.0,122085882.0
6934,心誠鎂,上市,49000.0,0.0,0.0,49000.0,35972762.0
6931,青松健康,上市,50000.0,0.0,-2000.0,48000.0,66152160.0
3055,蔚華科,上市,62000.0,0.0,-15251.0,46749.0,114974918.0
00668,國泰美國道瓊,上市,-2000.0,0.0,47595.0,45595.0,11033000.0
3040,遠見,上市,45816.0,0.0,-1000.0,44816.0,63000000.0
9925,新保,上市,104000.0,0.0,-60160.0,43840.0,387489605.0
6949,沛爾生醫*-創,上市,45000.0,0.0,-1674.0,43326.0,64797550.0
006207,復華滬深,上市,-121000.0,0.0,163453.0,42453.0,24892000.0
2359,所羅門,上市,91400.0,0.0,-49038.0,42362.0,171471052.0
8222,寶一,上市,52800.0,0.0,-11000.0,41800.0,68573500.0
912000,晨訊科-DR,上市,40000.0,0.0,0.0,40000.0,159293516.0
1806,冠軍,上市,68400.0,0.0,-29000.0,39400.0,390403870.0
00986A,主動台新龍頭成長,上市,-360000.0,0.0,399039.0,39039.0,53327000.0
00783,富邦中証500,上市,-24026.0,0.0,62973.0,38947.0,10531000.0
6605,帝寶,上市,55000.0,0.0,-16297.0,38703.0,165816397.0
6670,復盛應用,上市,59006.0,-539.0,-19870.0,38597.0,139386973.0
2882A,國泰特,上市,2000.0,36000.0,0.0,38000.0,833300000.0
00710B,復華彭博非投等債,上市,39000.0,0.0,-1075.0,37925.0,184261000.0
9926,新海,上市,25576.0,0.0,10627.0,36203.0,179504075.0
6165,浪凡,上市,52000.0,0.0,-16000.0,36000.0,77752623.0
1786,科妍,上市,45001.0,0.0,-10260.0,34741.0,72191688.0
2881B,富邦金乙特,上市,0.0,58000.0,-26000.0,32000.0,666660000.0
020028,元大特選電動車N,上市,0.0,0.0,31000.0,31000.0,0.0
6189,豐藝,上市,44000.0,8000.0,-21000.0,31000.0,263779657.0
6442,光聖,上市,29189.0,-1000.0,1760.0,29949.0,78073288.0
1713,國化,上市,33000.0,0.0,-4000.0,29000.0,150951700.0
6743,安普新,上市,25000.0,0.0,-3000.0,22000.0,150000000.0
00908,富邦入息REITs+,上市,-308000.0,0.0,329749.0,21749.0,38916000.0
1471,首利,上市,22542.0,0.0,-1000.0,21542.0,150414536.0
2023,燁輝,上市,195000.0,0.0,-174000.0,21000.0,1876240214.0
6861,睿生光電,上市,22000.0,0.0,-1000.0,21000.0,41531650.0
4569,六方科-KY,上市,21000.0,0.0,0.0,21000.0,30600000.0
6869,雲豹能源,上市,25632.0,0.0,-4664.0,20968.0,137830041.0
00739,元大MSCI A股,上市,63000.0,0.0,-42169.0,20831.0,26988000.0
6533,晶心科,上市,26556.0,0.0,-6560.0,19996.0,50650911.0
2440,太空梭,上市,28500.0,0.0,-9000.0,19500.0,139117271.0
020029,元大ESG高股息N,上市,0.0,0.0,19000.0,19000.0,0.0
3617,碩天,上市,28000.0,0.0,-9068.0,18932.0,94166049.0
7721,微程式,上市,17000.0,0.0,1000.0,18000.0,55370000.0
6625,必應,上市,22800.0,0.0,-5418.0,17382.0,57972488.0
4564,元翎,上市,11000.0,0.0,5545.0,16545.0,232788303.0
8476,台境*,上市,30540.0,0.0,-14000.0,16540.0,166226358.0
7730,暉盛-創,上市,17000.0,0.0,-807.0,16193.0,36796731.0
00702,國泰標普低波高息,上市,-14950.0,0.0,30987.0,16037.0,6688000.0
01009T,王道圓滿R1,上市,16000.0,0.0,0.0,16000.0,0.0
00703,台新MSCI中國,上市,0.0,0.0,15512.0,15512.0,10550000.0
8442,威宏-KY,上市,19000.0,0.0,-4000.0,15000.0,67476465.0
2342,茂矽,上市,19000.0,0.0,-4315.0,14685.0,157524744.0
6205,詮欣,上市,18700.0,0.0,-4879.0,13821.0,82235907.0
8045,達運光電,上市,23000.0,0.0,-9310.0,13690.0,94996815.0
00678,群益那斯達克生技,上市,0.0,0.0,13381.0,13381.0,7948000.0
00684R,期元大美元指反1,上市,0.0,0.0,12000.0,12000.0,10188000.0
6283,淳安,上市,14632.0,0.0,-3000.0,11632.0,148981343.0
4137,麗豐-KY,上市,21000.0,0.0,-9532.0,11468.0,82492350.0
00875,國泰網路資安,上市,-13000.0,0.0,24077.0,11077.0,14488000.0
1256,鮮活果汁-KY,上市,-9000.0,0.0,20000.0,11000.0,35772160.0
00728,第一金工業30,上市,-62000.0,0.0,72550.0,10550.0,40923000.0
3092,鴻碩,上市,9000.0,0.0,806.0,9806.0,106552030.0
910322,康師傅-DR,上市,9000.0,0.0,0.0,9000.0,21965402.0
6914,阜爾運通,上市,12000.0,0.0,-3000.0,9000.0,66226000.0
2491,吉祥全,上市,10000.0,0.0,-1000.0,9000.0,82008000.0
6431,光麗-KY,上市,10000.0,0.0,-2000.0,8000.0,97398835.0
7823,奧義賽博-KY創,上市,8000.0,0.0,-58.0,7942.0,33490890.0
6792,詠業,上市,6908.0,0.0,1000.0,7908.0,47875325.0
6641,基士德-KY,上市,8000.0,0.0,-167.0,7833.0,36500000.0
6414,樺漢,上市,-80000.0,103000.0,-15635.0,7365.0,137539720.0
020030,統一智慧電動車N,上市,0.0,0.0,7000.0,7000.0,0.0
2483,百容,上市,-29276.0,0.0,36000.0,6724.0,107889807.0
7722,LINEPAY,上市,11143.0,0.0,-4634.0,6509.0,68000000.0
00851,台新全球AI,上市,0.0,0.0,5244.0,5244.0,6525000.0
1453,大將,上市,9000.0,0.0,-4000.0,5000.0,113243048.0
6854,錼創科技-KY創,上市,9800.0,0.0,-5345.0,4455.0,117678622.0
8341,日友,上市,22000.0,0.0,-17786.0,4214.0,130000000.0
6230,尼得科超眾,上市,14000.0,0.0,-10000.0,4000.0,86343396.0
4545,銘鈺,上市,6000.0,0.0,-3000.0,3000.0,77000000.0
00771,元大US高息特別股,上市,0.0,0.0,3000.0,3000.0,14225000.0
020034,元大IC設計N,上市,0.0,0.0,3000.0,3000.0,0.0
2891C,中信金丙特,上市,0.0,0.0,3000.0,3000.0,166660000.0
4571,鈞興-KY,上市,14000.0,0.0,-11506.0,2494.0,53017115.0
8112A,至上甲特,上市,2000.0,0.0,0.0,2000.0,30000000.0
02001R,富邦蘋果反一N,上市,0.0,0.0,2000.0,2000.0,0.0
4590,富田-創,上市,2000.0,0.0,0.0,2000.0,54838400.0
00656R,國泰中國A50反1,上市,0.0,0.0,1090.0,1090.0,20357000.0
1312A,國喬特,上市,1000.0,0.0,0.0,1000.0,20000000.0
2002A,中鋼特,上市,1000.0,0.0,0.0,1000.0,38267999.0
1734,杏輝,上市,4000.0,0.0,-3000.0,1000.0,190196774.0
2424,隴華,上市,1000.0,0.0,0.0,1000.0,59585000.0
2891B,中信金乙特,上市,0.0,0.0,1000.0,1000.0,333330000.0
2380,虹光,上市,1000.0,0.0,0.0,1000.0,216934084.0
5607,遠雄港,上市,57896.0,0.0,-57000.0,896.0,370552913.0
00775B,台新投等債15+,上市,0.0,0.0,90.0,90.0,232100000.0
3018,隆銘綠能,上市,1.0,0.0,0.0,1.0,75377715.0
6955,邦睿生技-創,上市,-3000.0,0.0,3000.0,0.0,24800785.0
00657K,國泰日經225+U,上市,0.0,0.0,0.0,0.0,2900.0
00668K,國泰美國道瓊+U,上市,0.0,0.0,0.0,0.0,2500.0
00636K,國泰中國A50+U,上市,0.0,0.0,0.0,0.0,62100.0
2536,宏普,上市,988.0,0.0,-1000.0,-12.0,332808652.0
8101,華冠,上市,0.0,0.0,-18.0,-18.0,49466216.0
1538,正峰,上市,0.0,0.0,-33.0,-33.0,32300000.0
6906,現觀科,上市,1000.0,0.0,-1233.0,-233.0,33537400.0
020038,元大ESG配息N,上市,0.0,0.0,-1000.0,-1000.0,0.0
1233,天仁,上市,-14000.0,0.0,13000.0,-1000.0,90591948.0
2887G,台新新光庚特一,上市,-1000.0,0.0,0.0,-1000.0,75000000.0
00707R,期元大S&P日圓反1,上市,0.0,0.0,-1000.0,-1000.0,5855000.0
2415,錩新,上市,-2000.0,0.0,1000.0,-1000.0,90000000.0
6924,榮惠-KY創,上市,-2000.0,0.0,1000.0,-1000.0,20850000.0
8443,阿瘦,上市,-1000.0,0.0,0.0,-1000.0,66800000.0
910861,神州-DR,上市,-1000.0,0.0,0.0,-1000.0,33726976.0
6164,華興,上市,1000.0,0.0,-2000.0,-1000.0,80000000.0
3416,融程電,上市,1000.0,0.0,-2022.0,-1022.0,79746502.0
0053,元大電子,上市,-9750.0,0.0,8147.0,-1603.0,4988000.0
5258,虹堡,上市,0.0,0.0,-1716.0,-1716.0,110364894.0
2723,美食-KY,上市,16000.0,0.0,-18000.0,-2000.0,180000000.0
1232,大統益,上市,15000.0,0.0,-17000.0,-2000.0,159974915.0
7631,聚賢研發-創,上市,-2000.0,0.0,0.0,-2000.0,19800000.0
2939,永邑-KY,上市,-1092.0,0.0,-1000.0,-2092.0,45548665.0
7732,金興精密,上市,-184.0,0.0,-2000.0,-2184.0,64680000.0
6771,平和環保-創,上市,-2000.0,0.0,-233.0,-2233.0,31179500.0
8162,微矽電子-創,上市,8000.0,0.0,-10291.0,-2291.0,68702000.0
8996,高力,上市,-12458.0,2000.0,7581.0,-2877.0,91471435.0
9928,中視,上市,0.0,0.0,-3000.0,-3000.0,70724583.0
00736,國泰新興市場,上市,0.0,0.0,-3000.0,-3000.0,6727000.0
6918,愛派司,上市,2000.0,0.0,-5000.0,-3000.0,34571000.0
1730,花仙子,上市,-3000.0,0.0,-313.0,-3313.0,63233851.0
00711B,復華彭博新興債,上市,-2000.0,0.0,-1383.0,-3383.0,1006261000.0
3150,鈺寶-創,上市,-8000.0,0.0,3159.0,-4841.0,44377001.0
006204,永豐臺灣加權,上市,-525.0,0.0,-4462.0,-4987.0,1500000.0
006203,元大MSCI台灣,上市,1000.0,0.0,-6000.0,-5000.0,10218000.0
3229,晟鈦,上市,-4000.0,0.0,-1000.0,-5000.0,64263000.0
00689R,國泰20年美債反1,上市,455000.0,0.0,-460000.0,-5000.0,6889000.0
6969,成信實業*-創,上市,-6000.0,0.0,1000.0,-5000.0,43857189.0
5906,台南-KY,上市,-4092.0,0.0,-1000.0,-5092.0,35741412.0
5203,訊連,上市,5724.0,0.0,-11018.0,-5294.0,79098800.0
2482,連宇,上市,-1000.0,0.0,-4433.0,-5433.0,77882711.0
3338,泰碩,上市,0.0,0.0,-5973.0,-5973.0,87908141.0
4119,旭富,上市,7000.0,0.0,-13000.0,-6000.0,119508634.0
4581,光隆精密-KY,上市,-5000.0,0.0,-1000.0,-6000.0,33899000.0
1418,東華,上市,-5000.0,0.0,-1000.0,-6000.0,56834309.0
2945,三商家購,上市,-4000.0,0.0,-2000.0,-6000.0,67500000.0
2496,卓越,上市,-7000.0,0.0,1000.0,-6000.0,19100440.0
2314,台揚,上市,-6000.0,0.0,0.0,-6000.0,106126422.0
1732,毛寶,上市,-5000.0,0.0,-1000.0,-6000.0,42443957.0
5215,科嘉-KY,上市,-3184.0,0.0,-2986.0,-6170.0,64337500.0
1441,大東,上市,-6184.0,0.0,0.0,-6184.0,71744387.0
1516,川飛,上市,-5999.0,0.0,-1000.0,-6999.0,40008195.0
6426,統新,上市,11000.0,0.0,-18000.0,-7000.0,38509000.0
0057,富邦摩台,上市,-1001.0,0.0,-6000.0,-7001.0,1527000.0
4912,聯德控股-KY,上市,-5000.0,0.0,-2009.0,-7009.0,67093099.0
4588,玖鼎電力,上市,-6092.0,0.0,-1000.0,-7092.0,42985000.0
8488,吉源-KY,上市,-6300.0,0.0,-1000.0,-7300.0,73500000.0
1473,台南,上市,-5460.0,0.0,-2503.0,-7963.0,146153534.0
2434,統懋,上市,-7000.0,0.0,-1000.0,-8000.0,37000000.0
9912,偉聯,上市,-7000.0,0.0,-1000.0,-8000.0,54170569.0
6885,全福生技,上市,-5000.0,0.0,-3000.0,-8000.0,133214000.0
6666,羅麗芬-KY,上市,-5000.0,0.0,-3000.0,-8000.0,47388000.0
4133,亞諾法,上市,-6000.0,0.0,-2000.0,-8000.0,60553594.0
3164,景岳,上市,-10000.0,0.0,2000.0,-8000.0,86010364.0
6592B,和潤企業乙特,上市,1000.0,-9000.0,0.0,-8000.0,50000000.0
2254,巨鎧精密-創,上市,-12000.0,0.0,3868.0,-8132.0,63907680.0
8487,愛爾達-創,上市,-7100.0,0.0,-1082.0,-8182.0,26535000.0
3025,星通,上市,-7000.0,0.0,-1259.0,-8259.0,56736440.0
6674,鋐寶科技,上市,-6366.0,0.0,-2000.0,-8366.0,68697659.0
6928,攸泰科技,上市,-7020.0,0.0,-1374.0,-8394.0,86000000.0
3530,晶相光,上市,-1000.0,0.0,-7946.0,-8946.0,77475900.0
4441,振大環球,上市,20207.0,0.0,-29155.0,-8948.0,68017578.0
1435,中福,上市,-4999.0,0.0,-4000.0,-8999.0,139780080.0
5484,慧友,上市,-8000.0,0.0,-1000.0,-9000.0,66801000.0
6988,威力暘-創,上市,-6000.0,0.0,-3000.0,-9000.0,47600000.0
9906,欣巴巴,上市,-2000.0,0.0,-7000.0,-9000.0,90376358.0
6807,峰源-KY,上市,-7000.0,0.0,-2000.0,-9000.0,54000000.0
2397,友通,上市,2000.0,0.0,-11000.0,-9000.0,114488857.0
1413,宏洲,上市,-8400.0,0.0,-1000.0,-9400.0,132112454.0
1512,瑞利,上市,-2999.0,0.0,-7000.0,-9999.0,98183498.0
6754,匯僑設計,上市,-8000.0,0.0,-2000.0,-10000.0,66000000.0
4807,日成-KY,上市,-7000.0,0.0,-3000.0,-10000.0,38396032.0
3130,一零四,上市,-9000.0,0.0,-1000.0,-10000.0,33190700.0
2887E,台新新光戊特一,上市,-10000.0,0.0,0.0,-10000.0,500000000.0
1341,富林-KY,上市,-9000.0,0.0,-1000.0,-10000.0,52850634.0
4764,雙鍵,上市,-3900.0,0.0,-6288.0,-10188.0,85542062.0
2904,匯僑,上市,-8622.0,0.0,-2000.0,-10622.0,77834432.0
3054,立萬利,上市,-6000.0,0.0,-4665.0,-10665.0,80651041.0
3296,勝德,上市,-9000.0,0.0,-2000.0,-11000.0,96724450.0
6887,寶綠特-KY,上市,-7000.0,0.0,-4000.0,-11000.0,74116512.0
2425,承啟,上市,-8000.0,0.0,-3000.0,-11000.0,96498831.0
1475,業旺,上市,-13000.0,0.0,2000.0,-11000.0,66016749.0
2471,資通,上市,-7200.0,0.0,-4000.0,-11200.0,47253890.0
8466,美吉吉-KY,上市,-7000.0,0.0,-4214.0,-11214.0,79825628.0
3622,洋華,上市,2000.0,0.0,-13506.0,-11506.0,151327600.0
6133,金橋,上市,-9000.0,0.0,-3000.0,-12000.0,117006294.0
8367,建新國際,上市,-9000.0,0.0,-3000.0,-12000.0,92172031.0
6671,三能-KY,上市,-11000.0,0.0,-1000.0,-12000.0,60750000.0
1470,大統新創,上市,-10000.0,0.0,-2000.0,-12000.0,85767000.0
1530,亞崴,上市,-9000.0,0.0,-3000.0,-12000.0,94594171.0
4414,如興,上市,-7000.0,0.0,-5000.0,-12000.0,263795773.0
8201,無敵,上市,-13184.0,0.0,1000.0,-12184.0,62366275.0
2739,寒舍,上市,-9276.0,0.0,-3000.0,-12276.0,91526000.0
1456,怡華,上市,-12300.0,0.0,0.0,-12300.0,93720000.0
2427,三商電,上市,-6644.0,0.0,-6000.0,-12644.0,197301339.0
2762,世界健身-KY,上市,-11996.0,0.0,-1000.0,-12996.0,112500000.0
2901,欣欣,上市,-11000.0,0.0,-2000.0,-13000.0,73043283.0
2438,翔耀,上市,-11000.0,0.0,-2000.0,-13000.0,65195641.0
6902,GOGOLOOK,上市,-13100.0,0.0,0.0,-13100.0,35356638.0
1903,士紙,上市,7000.0,0.0,-20173.0,-13173.0,260039121.0
6952,大武山,上市,-6000.0,0.0,-7587.0,-13587.0,68345000.0
1776,展宇,上市,-12000.0,0.0,-2000.0,-14000.0,60106952.0
3168,眾福科,上市,-13000.0,0.0,-1000.0,-14000.0,75099649.0
3432,台端,上市,-13092.0,0.0,-1000.0,-14092.0,42230000.0
2451,創見,上市,130719.0,2701.0,-147531.0,-14111.0,430701675.0
2753,八方雲集,上市,-10000.0,0.0,-4275.0,-14275.0,66644796.0
1323,永裕,上市,-12300.0,0.0,-2000.0,-14300.0,91274554.0
1521,大億,上市,-11300.0,0.0,-3000.0,-14300.0,76230000.0
1315,達新,上市,-12400.0,0.0,-2000.0,-14400.0,99099000.0
020031,統一IC設計臺灣N,上市,0.0,0.0,-15000.0,-15000.0,0.0
00916,國泰全球品牌50,上市,-84917.0,0.0,69854.0,-15063.0,68919000.0
8482,商億-KY,上市,-11368.0,0.0,-4000.0,-15368.0,107444000.0
5225,東科-KY,上市,-11000.0,0.0,-4682.0,-15682.0,78416677.0
1735,日勝化,上市,-60000.0,0.0,44193.0,-15807.0,99388000.0
6645,金萬林-創,上市,-23000.0,0.0,7030.0,-15970.0,60864050.0
9935,慶豐富,上市,-13000.0,0.0,-3000.0,-16000.0,177838926.0
1439,雋揚,上市,-17000.0,0.0,1000.0,-16000.0,92000000.0
2712,遠雄來,上市,-13000.0,0.0,-3000.0,-16000.0,105000000.0
6272,驊陞,上市,-11000.0,0.0,-5000.0,-16000.0,81763948.0
9929,秋雨,上市,-15000.0,0.0,-1000.0,-16000.0,101280000.0
6695,芯鼎,上市,-15000.0,0.0,-1090.0,-16090.0,96459650.0
3563,牧德,上市,37456.0,0.0,-53592.0,-16136.0,63960858.0
5288,豐祥-KY,上市,-15184.0,0.0,-1000.0,-16184.0,69730022.0
1410,南染,上市,-14184.0,0.0,-2000.0,-16184.0,62000000.0
4190,佐登-KY,上市,-13200.0,0.0,-3000.0,-16200.0,61668812.0
3138,耀登,上市,-16019.0,0.0,-912.0,-16931.0,50308063.0
4440,宜新實業,上市,-10000.0,0.0,-7000.0,-17000.0,67598000.0
4994,傳奇,上市,-10000.0,0.0,-7000.0,-17000.0,66383400.0
6916,華凌,上市,-12000.0,0.0,-5000.0,-17000.0,67500000.0
8940,新天地,上市,-15000.0,0.0,-2000.0,-17000.0,67491032.0
1525,江申,上市,-18000.0,0.0,1000.0,-17000.0,73400135.0
1725,元禎,上市,-17000.0,0.0,0.0,-17000.0,181829978.0
1583,程泰,上市,-16000.0,0.0,-1081.0,-17081.0,109400372.0
4572,駐龍,上市,-16100.0,0.0,-1053.0,-17153.0,40000000.0
4148,全宇生技-KY,上市,-15200.0,0.0,-2000.0,-17200.0,67235701.0
1541,錩泰,上市,-10000.0,0.0,-7295.0,-17295.0,78800000.0
2247,汎德永業,上市,-31329.0,0.0,14000.0,-17329.0,80708735.0
1438,三地開發,上市,-10400.0,0.0,-7000.0,-17400.0,111205759.0
8438,昶昕,上市,-14000.0,0.0,-3771.0,-17771.0,69943000.0
8478,東哥遊艇,上市,-4871.0,0.0,-12957.0,-17828.0,93972276.0
5546,永固-KY,上市,-16000.0,0.0,-2000.0,-18000.0,82353402.0
8467,波力-KY,上市,-7000.0,0.0,-11007.0,-18007.0,50373575.0
9942,茂順,上市,-12276.0,0.0,-6000.0,-18276.0,83161320.0
7765,中華資安,上市,-14092.0,-956.0,-3288.0,-18336.0,40677000.0
2025,千興,上市,-5552.0,0.0,-13000.0,-18552.0,172660536.0
7705,三商餐飲,上市,-15000.0,0.0,-4000.0,-19000.0,66067304.0
8481,政伸,上市,-17000.0,0.0,-2000.0,-19000.0,66601866.0
4999,鑫禾,上市,-14000.0,0.0,-5692.0,-19692.0,74417200.0
2024,志聯,上市,-16999.0,0.0,-3000.0,-19999.0,97500000.0
6655,科定,上市,-18000.0,0.0,-2000.0,-20000.0,80571817.0
911868,同方友友-DR,上市,-20000.0,0.0,0.0,-20000.0,140000000.0
1454,台富,上市,-17500.0,0.0,-3000.0,-20500.0,129833848.0
1472,三洋實業,上市,-20000.0,0.0,-1000.0,-21000.0,52488082.0
6504,南六,上市,-18000.0,0.0,-3204.0,-21204.0,72600000.0
1443,立益物流,上市,-17459.0,0.0,-4000.0,-21459.0,135343011.0
2887H,台新新光庚特二,上市,-22000.0,0.0,0.0,-22000.0,219668000.0
3669,圓展,上市,-17000.0,0.0,-5215.0,-22215.0,92919950.0
3717,聯嘉投控,上市,-11642.0,0.0,-11000.0,-22642.0,207845445.0
6464,台數科,上市,-14400.0,0.0,-8585.0,-22985.0,128781532.0
3494,誠研,上市,-23000.0,0.0,0.0,-23000.0,94800000.0
2248,華勝-KY,上市,-22000.0,0.0,-1000.0,-23000.0,47600000.0
6657,華安,上市,-21300.0,0.0,-2000.0,-23300.0,88658000.0
1446,宏和,上市,-25500.0,0.0,2000.0,-23500.0,137709513.0
2423,固緯,上市,-7914.0,0.0,-16000.0,-23914.0,145047289.0
1537,廣隆,上市,-20276.0,0.0,-3678.0,-23954.0,82062794.0
8463,潤泰材,上市,-21000.0,0.0,-3000.0,-24000.0,150000000.0
4560,強信-KY,上市,-16000.0,0.0,-8000.0,-24000.0,68097240.0
1906,寶隆,上市,-28000.0,0.0,3897.0,-24103.0,151000000.0
1568,倉佑,上市,-10000.0,0.0,-14150.0,-24150.0,103086559.0
1339,昭輝,上市,-19300.0,0.0,-5026.0,-24326.0,74123875.0
6581,鋼聯,上市,-21400.0,0.0,-3000.0,-24400.0,111270887.0
1468,昶和,上市,-18460.0,0.0,-6000.0,-24460.0,160405244.0
2642,宅配通,上市,-21832.0,0.0,-3000.0,-24832.0,95467000.0
6834,天二科技,上市,93700.0,0.0,-118592.0,-24892.0,88471082.0
6796,晉弘,上市,-24000.0,0.0,-1000.0,-25000.0,40233970.0
2465,麗臺,上市,-23000.0,0.0,-2000.0,-25000.0,93946031.0
1436,華友聯,上市,-16000.0,0.0,-9295.0,-25295.0,172700652.0
2032,新鋼,上市,-21000.0,0.0,-4331.0,-25331.0,130521545.0
1558,伸興,上市,-23000.0,0.0,-2497.0,-25497.0,66535631.0
3652,精聯,上市,-24000.0,0.0,-2000.0,-26000.0,75097500.0
7610,聯友金屬-創,上市,-24000.0,0.0,-2207.0,-26207.0,48585456.0
1465,偉全,上市,-22268.0,0.0,-4000.0,-26268.0,103607267.0
6128,上福,上市,-13368.0,0.0,-13007.0,-26375.0,127588740.0
1445,大宇,上市,-15500.0,0.0,-11000.0,-26500.0,130666034.0
6863,永道-KY,上市,-20276.0,0.0,-6227.0,-26503.0,74888000.0
6585,鼎基,上市,-23000.0,0.0,-3846.0,-26846.0,72133587.0
1752,南光,上市,-26000.0,0.0,-1000.0,-27000.0,100988472.0
6936,永鴻生技,上市,-24300.0,0.0,-3000.0,-27300.0,72759000.0
1466,聚隆,上市,-25999.0,0.0,-2000.0,-27999.0,111157320.0
3703,欣陸,上市,66000.0,0.0,-94008.0,-28008.0,823215980.0
6184,大豐電,上市,-23460.0,0.0,-5000.0,-28460.0,158261131.0
1235,興泰,上市,-20552.0,0.0,-8018.0,-28570.0,188577836.0
2887F,台新新光戊特二,上市,-17000.0,-12000.0,0.0,-29000.0,300000000.0
5285,界霖,上市,-22000.0,0.0,-7000.0,-29000.0,102040926.0
6598,ABC-KY,上市,-23000.0,0.0,-6000.0,-29000.0,102787561.0
6794,向榮生技,上市,-27184.0,0.0,-2000.0,-29184.0,63567000.0
9902,台火,上市,-5276.0,0.0,-24327.0,-29603.0,98049600.0
1590,亞德客-KY,上市,41033.0,-48000.0,-22726.0,-29693.0,199999998.0
2910,統領,上市,-25000.0,0.0,-5000.0,-30000.0,175403000.0
9944,新麗,上市,-25000.0,0.0,-5000.0,-30000.0,105908100.0
1626,艾美特-KY,上市,-23000.0,0.0,-7069.0,-30069.0,149821721.0
1423,利華,上市,-26400.0,0.0,-4000.0,-30400.0,99648000.0
3716,中化控股,上市,-28460.0,0.0,-2000.0,-30460.0,149765614.0
6446,藥華藥,上市,-29840.0,53000.0,-53732.0,-30572.0,379939370.0
5244,弘凱,上市,-27000.0,0.0,-3730.0,-30730.0,68241899.0
2365,昆盈,上市,-25000.0,0.0,-5928.0,-30928.0,221528496.0
2509,全坤建,上市,-16000.0,0.0,-15000.0,-31000.0,224550530.0
2882B,國泰金乙特,上市,0.0,-13000.0,-18000.0,-31000.0,700000000.0
3705,永信,上市,-14100.0,0.0,-16912.0,-31012.0,266422983.0
4930,燦星網,上市,-29300.0,0.0,-2000.0,-31300.0,80000000.0
6722,輝創,上市,-30000.0,0.0,-2000.0,-32000.0,88400000.0
9918,欣天然,上市,-30752.0,0.0,-1688.0,-32440.0,180537453.0
2115,六暉-KY,上市,-31731.0,0.0,-1000.0,-32731.0,104373163.0
2462,良得電,上市,-18000.0,0.0,-14846.0,-32846.0,150144074.0
2433,互盛電,上市,-22000.0,0.0,-11000.0,-33000.0,144496011.0
2012,春雨,上市,-29000.0,0.0,-4000.0,-33000.0,302162700.0
5538,東明-KY,上市,-25000.0,0.0,-8000.0,-33000.0,201203333.0
1762,中化生,上市,-31000.0,0.0,-2256.0,-33256.0,76918000.0
2114,鑫永銓,上市,-31276.0,0.0,-2000.0,-33276.0,77991707.0
2722,夏都,上市,-22368.0,0.0,-11000.0,-33368.0,143169696.0
2546,根基,上市,-25368.0,0.0,-8000.0,-33368.0,130524193.0
8499,鼎炫-KY,上市,-11092.0,0.0,-22336.0,-33428.0,41165557.0
1726,永記,上市,-27460.0,0.0,-6000.0,-33460.0,162000000.0
1623,大東電,上市,-33023.0,0.0,-736.0,-33759.0,66000000.0
2420,新巨,上市,-23000.0,0.0,-11000.0,-34000.0,152648688.0
1617,榮星,上市,-17552.0,0.0,-16518.0,-34070.0,169514700.0
9931,欣高,上市,-24914.0,0.0,-9473.0,-34387.0,120369303.0
4755,三福化,上市,-33376.0,0.0,-1198.0,-34574.0,100706000.0
1535,中宇,上市,-31914.0,0.0,-3000.0,-34914.0,123742552.0
6933,AMAX-KY,上市,-33000.0,0.0,-1965.0,-34965.0,42355467.0
2008,高興昌,上市,-29000.0,0.0,-6000.0,-35000.0,190852293.0
2033,佳大,上市,-32000.0,0.0,-3000.0,-35000.0,80694536.0
6582,申豐,上市,-30980.0,0.0,-4358.0,-35338.0,106174141.0
2506,太設,上市,-16600.0,0.0,-19000.0,-35600.0,387000000.0
1236,宏亞,上市,-25000.0,0.0,-11000.0,-36000.0,86674008.0
3588,通嘉,上市,-31000.0,0.0,-5001.0,-36001.0,62014182.0
00701,國泰股利精選30,上市,-27000.0,0.0,-9443.0,-36443.0,192891000.0
1467,南緯,上市,-32460.0,0.0,-4000.0,-36460.0,233624667.0
2069,運錩,上市,-36000.0,0.0,-1000.0,-37000.0,166386836.0
2450,神腦,上市,-20000.0,0.0,-17000.0,-37000.0,258252657.0
6951,青新-創,上市,-36000.0,0.0,-1143.0,-37143.0,46000000.0
6921,嘉雨思-創,上市,-37000.0,0.0,-156.0,-37156.0,31836941.0
5706,鳳凰,上市,-27300.0,0.0,-9866.0,-37166.0,84910920.0
4771,望隼,上市,-33184.0,0.0,-4113.0,-37297.0,58044700.0
1615,大山,上市,-32000.0,0.0,-5363.0,-37363.0,196663702.0
1203,味王,上市,-25999.0,0.0,-12000.0,-37999.0,240000000.0
6614,資拓宏宇,上市,-35000.0,0.0,-3000.0,-38000.0,80660521.0
1324,地球,上市,-36001.0,0.0,-2000.0,-38001.0,75121882.0
4106,雃博,上市,-29368.0,0.0,-9284.0,-38652.0,100911557.0
3454,晶睿,上市,-37000.0,0.0,-2000.0,-39000.0,86567893.0
5292,華懋,上市,-38000.0,0.0,-1266.0,-39266.0,42108000.0
6668,中揚光,上市,-29300.0,0.0,-10001.0,-39301.0,107116087.0
6719,力智,上市,-33350.0,0.0,-6000.0,-39350.0,105387289.0
1533,車王電,上市,-42400.0,0.0,3000.0,-39400.0,98547486.0
2702,華園,上市,-35460.0,0.0,-4000.0,-39460.0,156613249.0
3004,豐達科,上市,-50366.0,0.0,10584.0,-39782.0,64250855.0
2241,艾姆勒,上市,-36000.0,0.0,-3980.0,-39980.0,104602306.0
2466,冠西電,上市,-36000.0,0.0,-4000.0,-40000.0,173458697.0
6835,圓裕,上市,-39000.0,0.0,-1000.0,-40000.0,66172297.0
6201,亞弘電,上市,-38000.0,0.0,-2000.0,-40000.0,89200000.0
3557,嘉威,上市,-37000.0,0.0,-3000.0,-40000.0,84315435.0
4108,懷特,上市,-35000.0,0.0,-5000.0,-40000.0,198618879.0
2636,台驊控股,上市,-27000.0,0.0,-13224.0,-40224.0,141835230.0
4949,有成精密,上市,-24000.0,0.0,-16481.0,-40481.0,67050543.0
2250,IKKA-KY,上市,-38000.0,0.0,-3000.0,-41000.0,36388226.0
4439,冠星-KY,上市,-26000.0,0.0,-15011.0,-41011.0,38035800.0
2362,藍天,上市,-2000.0,0.0,-39509.0,-41509.0,622263000.0
2497,怡利電,上市,-37000.0,0.0,-4563.0,-41563.0,118087676.0
1805,寶徠,上市,-39000.0,0.0,-3000.0,-42000.0,134970455.0
1817,凱撒衛,上市,-42000.0,0.0,-637.0,-42637.0,72600000.0
2059,川湖,上市,-21205.0,-3987.0,-17814.0,-43006.0,95297072.0
4766,南寶,上市,-45234.0,0.0,1882.0,-43352.0,120570780.0
4552,力達-KY,上市,-44400.0,0.0,1000.0,-43400.0,116000000.0
1531,高林股,上市,-27700.0,0.0,-16000.0,-43700.0,182108080.0
4536,拓凱,上市,-39276.0,0.0,-4506.0,-43782.0,90820000.0
8462,柏文,上市,-34000.0,0.0,-9823.0,-43823.0,79292063.0
6606,建德工業,上市,-43000.0,0.0,-1000.0,-44000.0,110303783.0
1597,直得,上市,-40548.0,0.0,-3708.0,-44256.0,89261804.0
2816,旺旺保,上市,-38736.0,0.0,-6000.0,-44736.0,223608000.0
1417,嘉裕,上市,-40999.0,0.0,-4000.0,-44999.0,189941840.0
1731,美吾華,上市,-42000.0,0.0,-3000.0,-45000.0,132915244.0
6224,聚鼎,上市,-37000.0,0.0,-8000.0,-45000.0,85645361.0
1220,台榮,上市,-32188.0,0.0,-13000.0,-45188.0,177077944.0
7740,熙特爾-創,上市,-45000.0,0.0,-198.0,-45198.0,53200000.0
6862,三集瑞-KY,上市,-4000.0,0.0,-41253.0,-45253.0,50000000.0
3046,建碁,上市,-37000.0,0.0,-8990.0,-45990.0,78448013.0
1737,臺鹽,上市,-39644.0,0.0,-6529.0,-46173.0,200000000.0
6965,中傑-KY,上市,-40460.0,0.0,-6000.0,-46460.0,156336000.0
6183,關貿,上市,-38000.0,0.0,-8478.0,-46478.0,150000000.0
1539,巨庭,上市,-41184.0,0.0,-6000.0,-47184.0,65370000.0
009810,玉山全球藍籌100,上市,3000.0,0.0,-50365.0,-47365.0,24654000.0
3419,譁裕,上市,-40368.0,0.0,-7000.0,-47368.0,120480417.0
5907,大洋-KY,上市,-43000.0,0.0,-5000.0,-48000.0,195531000.0
2705,六福,上市,-43000.0,0.0,-5000.0,-48000.0,191312830.0
6243,迅杰,上市,-49000.0,0.0,97.0,-48903.0,45268841.0
3043,科風,上市,-47999.0,0.0,-1000.0,-48999.0,38975634.0
3057,喬鼎,上市,-47000.0,0.0,-2000.0,-49000.0,60325729.0
6215,和椿,上市,8000.0,0.0,-57001.0,-49001.0,82789693.0
3021,鴻名,上市,-47276.0,0.0,-2000.0,-49276.0,94890000.0
2545,皇翔,上市,-3515.0,0.0,-46195.0,-49710.0,379734808.0
2364,倫飛,上市,-47999.0,0.0,-1758.0,-49757.0,52388648.0
3532,台勝科,上市,29387.0,0.0,-79163.0,-49776.0,387848300.0
1451,年興,上市,-43800.0,0.0,-6000.0,-49800.0,198000000.0
2348,海悅,上市,-36460.0,0.0,-13506.0,-49966.0,151898853.0
6909,創控,上市,-48200.0,0.0,-2000.0,-50200.0,67222200.0
8249,菱光,上市,-31368.0,0.0,-19516.0,-50884.0,137824500.0
02001L,富邦蘋果正二N,上市,0.0,0.0,-51000.0,-51000.0,0.0
020039,元大加權N,上市,0.0,0.0,-51000.0,-51000.0,0.0
00657,國泰日經225,上市,30000.0,0.0,-81141.0,-51141.0,7584000.0
3346,麗清,上市,-40000.0,0.0,-11395.0,-51395.0,121228352.0
1452,宏益,上市,-45499.0,0.0,-6000.0,-51499.0,132641400.0
2430,燦坤,上市,-53900.0,0.0,2000.0,-51900.0,116800000.0
1783,和康生,上市,-45000.0,0.0,-7000.0,-52000.0,89680115.0
3016,嘉晶,上市,30900.0,0.0,-83618.0,-52718.0,288541819.0
2929,淘帝-KY,上市,-51000.0,0.0,-2000.0,-53000.0,109493838.0
3679,新至陞,上市,-50000.0,0.0,-3000.0,-53000.0,63022229.0
2373,震旦行,上市,-47736.0,0.0,-6000.0,-53736.0,236202518.0
2239,英利-KY,上市,-42000.0,0.0,-11795.0,-53795.0,120346593.0
1231,聯華食,上市,-26102.0,0.0,-27973.0,-54075.0,298454475.0
3686,達能,上市,-51000.0,0.0,-4000.0,-55000.0,76495118.0
6226,光鼎,上市,-51000.0,0.0,-4000.0,-55000.0,115534789.0
2432,倚天酷碁-創,上市,-60000.0,0.0,4904.0,-55096.0,61860000.0
5306,桂盟,上市,-55000.0,0.0,-202.0,-55202.0,126000772.0
2030,彰源,上市,-32000.0,0.0,-23708.0,-55708.0,280526027.0
8411,福貞-KY,上市,-38736.0,0.0,-17000.0,-55736.0,218404319.0
6573,虹揚-KY,上市,-53000.0,0.0,-3000.0,-56000.0,80499345.0
7791,皇家可口,上市,-45000.0,0.0,-12000.0,-57000.0,80000000.0
4426,利勤,上市,-55000.0,0.0,-2000.0,-57000.0,172677198.0
3051,力特,上市,-44000.0,0.0,-13000.0,-57000.0,167000000.0
2459,敦吉,上市,-52000.0,0.0,-5000.0,-57000.0,105595615.0
1604,聲寶,上市,-28600.0,0.0,-29000.0,-57600.0,384200000.0
7736,虎山,上市,-56000.0,0.0,-2000.0,-58000.0,76000000.0
6281,全國電,上市,-55276.0,0.0,-3000.0,-58276.0,99172945.0
00893,國泰智能電動車,上市,-321000.0,0.0,262159.0,-58841.0,401884000.0
6177,達麗,上市,13101.0,0.0,-71975.0,-58874.0,471878411.0
5515,建國,上市,-45000.0,0.0,-15334.0,-60334.0,201600084.0
1760,寶齡富錦,上市,-50000.0,0.0,-10367.0,-60367.0,85739013.0
5283,禾聯碩,上市,-58900.0,0.0,-2000.0,-60900.0,87600510.0
2493,揚博,上市,-42343.0,0.0,-18651.0,-60994.0,126796629.0
6168,宏齊,上市,-57000.0,0.0,-4000.0,-61000.0,206069801.0
2243,宏旭-KY,上市,-54200.0,0.0,-7000.0,-61200.0,69373596.0
9914,美利達,上市,-15801.0,0.0,-45758.0,-61559.0,298983800.0
1540,喬福,上市,-54999.0,0.0,-7000.0,-61999.0,85473612.0
2028,威致,上市,-52000.0,0.0,-10000.0,-62000.0,325714800.0
2611,志信,上市,-40000.0,0.0,-22000.0,-62000.0,189002272.0
4155,訊映,上市,-59500.0,0.0,-3000.0,-62500.0,144814164.0
3209,全科,上市,-53900.0,0.0,-8802.0,-62702.0,234712751.0
00917,中信特選金融,上市,-600600.0,0.0,536785.0,-63815.0,72978000.0
7711,永擎,上市,-64000.0,0.0,-2156.0,-66156.0,71734195.0
2850,新產,上市,-30300.0,0.0,-35967.0,-66267.0,315963300.0
1474,弘裕,上市,-64000.0,0.0,-3000.0,-67000.0,129896969.0
9943,好樂迪,上市,-65368.0,0.0,-3000.0,-68368.0,125171510.0
9919,康那香,上市,-54644.0,0.0,-14000.0,-68644.0,195362750.0
1414,東和,上市,-83999.0,0.0,15000.0,-68999.0,198000000.0
1720,生達,上市,-52000.0,0.0,-17075.0,-69075.0,178696089.0
6958,日盛台駿,上市,-56800.0,0.0,-13000.0,-69800.0,403289360.0
9905,大華,上市,-64000.0,0.0,-6000.0,-70000.0,305000000.0
6491,晶碩,上市,-58276.0,0.0,-12424.0,-70700.0,78000000.0
4104,佳醫,上市,-62552.0,0.0,-8330.0,-70882.0,188367456.0
3266,昇陽,上市,-41000.0,0.0,-30000.0,-71000.0,352314309.0
5522,遠雄,上市,-2500.0,0.0,-68786.0,-71286.0,781596241.0
1109,信大,上市,-44467.0,0.0,-26972.0,-71439.0,341158868.0
4583,台灣精銳,上市,-30408.0,0.0,-41167.0,-71575.0,80171351.0
2601,益航,上市,-52760.0,0.0,-19000.0,-71760.0,824776067.0
4935,茂林-KY,上市,-65368.0,0.0,-7000.0,-72368.0,128864091.0
6472,保瑞,上市,-50724.0,0.0,-22710.0,-73434.0,124454023.0
00634R,富邦上証反1,上市,-382000.0,0.0,308349.0,-73651.0,47256000.0
6136,富爾特,上市,-61000.0,0.0,-13000.0,-74000.0,115536412.0
3528,安馳,上市,-75000.0,0.0,835.0,-74165.0,66639216.0
4585,達明,上市,-62081.0,0.0,-12783.0,-74864.0,102800000.0
6658,聯策,上市,-73100.0,0.0,-2000.0,-75100.0,36370000.0
5519,隆大,上市,-36000.0,0.0,-39232.0,-75232.0,219197180.0
1515,力山,上市,-66206.0,0.0,-9148.0,-75354.0,181473500.0
00895,富邦未來車,上市,-104895.0,0.0,29204.0,-75691.0,166916000.0
3056,富華新,上市,-32381.0,0.0,-43385.0,-75766.0,480555051.0
9930,中聯資源,上市,-48000.0,0.0,-28412.0,-76412.0,248540368.0
6994,富威電力,上市,-77000.0,0.0,419.0,-76581.0,73828571.0
1517,利奇,上市,-62000.0,0.0,-15228.0,-77228.0,220000007.0
00762,元大全球AI,上市,-141761.0,0.0,64295.0,-77466.0,51748000.0
1526,日馳,上市,-72999.0,0.0,-4663.0,-77662.0,60000000.0
6937,天虹,上市,-56366.0,0.0,-21941.0,-78307.0,67576263.0
3059,華晶科,上市,-62200.0,0.0,-16368.0,-78568.0,307242025.0
6591,動力-KY,上市,-77000.0,0.0,-2330.0,-79330.0,41122465.0
2107,厚生,上市,-73000.0,0.0,-7000.0,-80000.0,303593400.0
01002T,土銀國泰R1,上市,-80000.0,0.0,0.0,-80000.0,0.0
3038,全台,上市,-72000.0,0.0,-8000.0,-80000.0,157407603.0
2906,高林,上市,-68000.0,0.0,-13000.0,-81000.0,209116648.0
2017,官田鋼,上市,-50800.0,0.0,-31005.0,-81805.0,446874691.0
9955,佳龍,上市,-76000.0,0.0,-6076.0,-82076.0,104435829.0
4576,大銀微系統,上市,-37000.0,0.0,-45400.0,-82400.0,119801848.0
1340,勝悅-KY,上市,-78999.0,0.0,-4000.0,-82999.0,152922855.0
01004T,土銀富邦R2,上市,-83000.0,0.0,0.0,-83000.0,0.0
2748,雲品,上市,-75000.0,0.0,-8000.0,-83000.0,105778740.0
5525,順天,上市,-64000.0,0.0,-19000.0,-83000.0,318105378.0
2460,建通,上市,-69552.0,0.0,-14402.0,-83954.0,169200000.0
1321,大洋,上市,-69000.0,0.0,-15953.0,-84953.0,227228268.0
2704,國賓,上市,-66096.0,0.0,-19000.0,-85096.0,366923343.0
00901,永豐智能車供應鏈,上市,-210000.0,0.0,124723.0,-85277.0,70349000.0
7788,松川精密,上市,-72270.0,0.0,-13265.0,-85535.0,79745993.0
00926,凱基全球菁英55,上市,74650.0,0.0,-160858.0,-86208.0,91982000.0
2707,晶華,上市,-77000.0,0.0,-9883.0,-86883.0,127403238.0
4557,永新-KY,上市,-85143.0,0.0,-2000.0,-87143.0,47971840.0
00907,永豐優息存股,上市,-319000.0,0.0,231758.0,-87242.0,179633000.0
2607,榮運,上市,-44000.0,0.0,-44007.0,-88007.0,533570547.0
7799,禾榮科,上市,-80964.0,0.0,-7299.0,-88263.0,156487500.0
1702,南僑,上市,-43950.0,-3528.0,-41527.0,-89005.0,294132962.0
00861,元大全球未來通訊,上市,210.0,0.0,-89463.0,-89253.0,69412000.0
1506,正道,上市,-73459.0,0.0,-16000.0,-89459.0,300388501.0
1437,勤益控,上市,-77000.0,0.0,-13000.0,-90000.0,203371284.0
8429,金麗-KY,上市,-85800.0,0.0,-5000.0,-90800.0,185747151.0
1614,三洋電,上市,-84828.0,0.0,-6000.0,-90828.0,269113406.0
9927,泰銘,上市,-37105.0,0.0,-54228.0,-91333.0,120000000.0
00943,兆豐電子高息等權,上市,-11000.0,0.0,-80581.0,-91581.0,44389000.0
4438,廣越,上市,-87000.0,0.0,-4655.0,-91655.0,113425455.0
1563,巧新,上市,-78999.0,0.0,-13000.0,-91999.0,230782140.0
2390,云辰,上市,-80999.0,0.0,-11609.0,-92608.0,192619442.0
2534,宏盛,上市,-31899.0,0.0,-61507.0,-93406.0,474227970.0
6838,台新藥,上市,-91600.0,0.0,-2000.0,-93600.0,150977100.0
6166,凌華,上市,-81644.0,0.0,-12980.0,-94624.0,217497257.0
00666R,富邦恒生國企反1,上市,142000.0,0.0,-237890.0,-95890.0,15124000.0
2207,和泰車,上市,-69603.0,62.0,-26701.0,-96242.0,557102768.0
6216,居易,上市,-88000.0,0.0,-8329.0,-96329.0,96189637.0
3321,同泰,上市,-97000.0,0.0,-1000.0,-98000.0,86113769.0
6756,威鋒電子,上市,-94000.0,0.0,-4045.0,-98045.0,69868000.0
2038,海光,上市,-84644.0,0.0,-14000.0,-98644.0,194134303.0
00660,元大歐洲50,上市,0.0,0.0,-99000.0,-99000.0,7531000.0
3518,柏騰,上市,-95000.0,0.0,-4000.0,-99000.0,102662230.0
4736,泰博,上市,-89731.0,0.0,-9632.0,-99363.0,95374469.0
5534,長虹,上市,18700.0,0.0,-118444.0,-99744.0,290325960.0
2701,萬企,上市,-90800.0,0.0,-10000.0,-100800.0,449967838.0
3501,維熹,上市,-93000.0,0.0,-7819.0,-100819.0,118257927.0
1459,聯發,上市,-80400.0,0.0,-21000.0,-101400.0,358628907.0
2402,毅嘉,上市,553702.0,0.0,-655562.0,-101860.0,307536533.0
1432,大魯閣,上市,-99998.0,0.0,-3000.0,-102998.0,108000000.0
6579,研揚,上市,-86700.0,0.0,-16423.0,-103123.0,169451221.0
2444,兆勁,上市,-101398.0,0.0,-2000.0,-103398.0,101569573.0
3312,弘憶股,上市,-79000.0,0.0,-25000.0,-104000.0,182626815.0
2009,第一銅,上市,-40929.0,0.0,-63211.0,-104140.0,359622165.0
4770,上品,上市,-79000.0,0.0,-25171.0,-104171.0,79976000.0
3094,聯傑,上市,-100000.0,0.0,-4292.0,-104292.0,83117089.0
4566,時碩工業,上市,-99000.0,0.0,-5631.0,-104631.0,109954742.0
8404,百和興業-KY,上市,-41700.0,0.0,-63031.0,-104731.0,419933884.0
4540,全球傳動,上市,-98000.0,0.0,-7106.0,-105106.0,112140457.0
2488,漢平,上市,-99000.0,0.0,-7235.0,-106235.0,79999433.0
4942,嘉彰,上市,-98500.0,0.0,-7887.0,-106387.0,142367613.0
00899,FT潔淨能源,上市,-489.0,0.0,-106472.0,-106961.0,18135000.0
5234,達興材料,上市,29700.0,21000.0,-158269.0,-107569.0,102715911.0
1527,鑽全,上市,-104366.0,0.0,-4000.0,-108366.0,138570640.0
2109,華豐,上市,-103000.0,0.0,-6000.0,-109000.0,279349134.0
2022,聚亨,上市,-68012.0,0.0,-41000.0,-109012.0,337168138.0
1707,葡萄王,上市,-93459.0,0.0,-15747.0,-109206.0,148137373.0
3694,海華,上市,-99000.0,0.0,-10554.0,-109554.0,154947208.0
6790,永豐實,上市,-98100.0,0.0,-12132.0,-110232.0,267129021.0
2516,新建,上市,-108553.0,0.0,-2000.0,-110553.0,226278457.0
6873,泓德能源,上市,-88000.0,0.0,-22734.0,-110734.0,141872370.0
2236,百達-KY,上市,-109200.0,0.0,-2000.0,-111200.0,61401689.0
2428,興勤,上市,-93368.0,0.0,-19209.0,-112577.0,128112726.0
00737,國泰AI機器人,上市,6000.0,0.0,-119506.0,-113506.0,24538000.0
2417,圓剛,上市,-107000.0,0.0,-6660.0,-113660.0,157293864.0
1449,佳和,上市,-96499.0,0.0,-17409.0,-113908.0,127114572.0
6277,宏正,上市,-89000.0,0.0,-25355.0,-114355.0,119471166.0
8213,志超,上市,-96000.0,0.0,-19989.0,-115989.0,271242488.0
2227,裕日車,上市,-100733.0,0.0,-15335.0,-116068.0,300000000.0
2852,第一保,上市,-106920.0,0.0,-10000.0,-116920.0,301163784.0
3701,大眾控,上市,-115000.0,0.0,-2214.0,-117214.0,236526612.0
00647L,元大S&P500正2,上市,-2000.0,0.0,-118155.0,-120155.0,6916000.0
7749,意騰-KY,上市,-104000.0,-7000.0,-9464.0,-120464.0,46485728.0
3591,艾笛森,上市,-129460.0,0.0,7994.0,-121466.0,145482435.0
3041,揚智,上市,-119275.0,0.0,-2498.0,-121773.0,140223647.0
6416,瑞祺電通,上市,-114000.0,0.0,-7897.0,-121897.0,73348460.0
00682U,期元大美元指數,上市,0.0,0.0,-123050.0,-123050.0,7644000.0
2480,敦陽科,上市,-117000.0,3000.0,-9112.0,-123112.0,106360291.0
2597,潤弘,上市,-81553.0,0.0,-42570.0,-124123.0,310716000.0
00983D,主動富邦複合收益,上市,-186000.0,0.0,61597.0,-124403.0,98697000.0
6115,鎰勝,上市,-114000.0,0.0,-11779.0,-125779.0,187662154.0
00962,台新AI優息動能,上市,-312000.0,0.0,186071.0,-125929.0,52420000.0
8114,振樺電,上市,-147800.0,0.0,21459.0,-126341.0,76384772.0
8464,億豐,上市,-142649.0,-687.0,16000.0,-127336.0,293020200.0
1712,興農,上市,-109000.0,0.0,-18434.0,-127434.0,420492585.0
6799,來頡,上市,-113000.0,0.0,-17044.0,-130044.0,43705553.0
00944,野村趨勢動能高息,上市,-109000.0,0.0,-21674.0,-130674.0,76081000.0
1476,儒鴻,上市,-107819.0,-672.0,-22815.0,-131306.0,274367111.0
2514,龍邦,上市,-109288.0,0.0,-22028.0,-131316.0,394729278.0
0051,元大中型100,上市,15.0,0.0,-131871.0,-131856.0,24500000.0
9924,福興,上市,-109600.0,0.0,-25000.0,-134600.0,150761736.0
2231,為升,上市,-150368.0,0.0,14805.0,-135563.0,135917608.0
5007,三星,上市,-117200.0,0.0,-20000.0,-137200.0,294940154.0
3356,奇偶,上市,-133000.0,0.0,-5139.0,-138139.0,79941672.0
3311,閎暉,上市,-131000.0,0.0,-7702.0,-138702.0,100000000.0
8072,陞泰,上市,-135000.0,0.0,-4000.0,-139000.0,80000000.0
3003,健和興,上市,-130000.0,0.0,-9257.0,-139257.0,155654890.0
2233,宇隆,上市,-107940.0,0.0,-31646.0,-139586.0,60288089.0
3607,谷崧,上市,-140000.0,0.0,0.0,-140000.0,121662239.0
1733,五鼎,上市,-138999.0,0.0,-3000.0,-141999.0,99950192.0
2908,特力,上市,-110000.0,0.0,-32000.0,-142000.0,509887558.0
8104,錸寶,上市,-137000.0,0.0,-5000.0,-142000.0,104058192.0
6405,悅城,上市,-142000.0,0.0,-1118.0,-143118.0,65800000.0
6776,展碁國際,上市,-139000.0,0.0,-4621.0,-143621.0,91581430.0
3002,歐格,上市,-140400.0,0.0,-5010.0,-145410.0,102000000.0
1219,福壽,上市,-114466.0,0.0,-31000.0,-145466.0,341238364.0
00733,富邦臺灣中小,上市,-311970.0,0.0,166444.0,-145526.0,105466000.0
9946,三發地產,上市,-137300.0,0.0,-9000.0,-146300.0,326554150.0
2375,凱美,上市,-77000.0,-90.0,-69938.0,-147028.0,108675334.0
6438,迅得,上市,-126457.0,1000.0,-23287.0,-148744.0,82206325.0
6515,穎崴,上市,-206012.0,73000.0,-16518.0,-149530.0,36041642.0
2029,盛餘,上市,-126284.0,0.0,-24104.0,-150388.0,321180000.0
1416,廣豐,上市,-146000.0,0.0,-5000.0,-151000.0,185342168.0
2706,第一店,上市,-140000.0,0.0,-11000.0,-151000.0,499998346.0
8011,台通,上市,-144000.0,0.0,-7000.0,-151000.0,165921891.0
3406,玉晶光,上市,-127485.0,3000.0,-26976.0,-151461.0,112743063.0
2527,宏璟,上市,-120000.0,0.0,-32002.0,-152002.0,270306000.0
00972,野村日本動能高息,上市,-343900.0,0.0,191880.0,-152020.0,21172000.0
9937,全國,上市,-119570.0,0.0,-33238.0,-152808.0,309043000.0
00638R,元大滬深300反1,上市,0.0,0.0,-155560.0,-155560.0,28948000.0
3058,立德,上市,-149800.0,0.0,-6000.0,-155800.0,201722779.0
1460,宏遠,上市,-140000.0,0.0,-16000.0,-156000.0,694643484.0
2897,王道銀行,上市,187000.0,0.0,-344001.0,-157001.0,2805357878.0
2062,橋椿,上市,-130644.0,0.0,-26810.0,-157454.0,199994152.0
5434,崇越,上市,-161169.0,9000.0,-7356.0,-159525.0,191332275.0
1598,岱宇,上市,-136569.0,0.0,-23003.0,-159572.0,179142092.0
2414,精技,上市,-150000.0,0.0,-10000.0,-160000.0,161735846.0
2505,國揚,上市,-120650.0,0.0,-40000.0,-160650.0,380000000.0
3515,華擎,上市,-151425.0,0.0,-9432.0,-160857.0,123546569.0
7795,長廣,上市,-157000.0,0.0,-5136.0,-162136.0,78828500.0
2020,美亞,上市,-141828.0,0.0,-20598.0,-162426.0,267031320.0
1603,華電,上市,-165552.0,0.0,1000.0,-164552.0,191688000.0
2524,京城,上市,-129650.0,0.0,-36000.0,-165650.0,365983545.0
00709,富邦歐洲,上市,-51604.0,0.0,-117247.0,-168851.0,17960000.0
6534,正瀚-創,上市,-166000.0,0.0,-4872.0,-170872.0,102800000.0
8473,山林水,上市,-168000.0,0.0,-2929.0,-170929.0,180852418.0
2305,全友,上市,-160000.0,0.0,-11000.0,-171000.0,205660827.0
2461,光群雷,上市,-135552.0,0.0,-37000.0,-172552.0,173617284.0
6525,捷敏-KY,上市,-153000.0,0.0,-20000.0,-173000.0,129047384.0
1215,卜蜂,上市,-274735.0,105000.0,-4980.0,-174715.0,294790098.0
1560,中砂,上市,-86180.0,-1000.0,-88860.0,-176040.0,146277234.0
4976,佳凌,上市,-166000.0,0.0,-10697.0,-176697.0,141351000.0
1342,八貫,上市,-172000.0,0.0,-7000.0,-179000.0,78000902.0
6589,台康生技,上市,-147000.0,0.0,-32441.0,-179441.0,306600211.0
2383,台光電,上市,-326783.0,172897.0,-29069.0,-182955.0,346773599.0
2015,豐興,上市,-127000.0,0.0,-56000.0,-183000.0,581599424.0
2477,美隆電,上市,-172000.0,0.0,-13000.0,-185000.0,158573244.0
2535,達欣工,上市,-172100.0,0.0,-14054.0,-186154.0,270793967.0
9908,大台北,上市,-188090.0,0.0,-2366.0,-190456.0,516358000.0
1808,潤隆,上市,-89760.0,0.0,-100860.0,-190620.0,893031743.0
009808,華南永昌優選50,上市,17000.0,0.0,-208801.0,-191801.0,44011000.0
1721,國慶科技,上市,-183000.0,0.0,-9000.0,-192000.0,184884092.0
6831,邁科,上市,-189000.0,0.0,-3000.0,-192000.0,67500000.0
1457,宜進,上市,-181000.0,0.0,-11000.0,-192000.0,316730022.0
2504,國產,上市,-144000.0,-4011.0,-44001.0,-192012.0,1180000000.0
1618,合機,上市,-185000.0,0.0,-8327.0,-193327.0,192691747.0
6919,康霈*,上市,-190261.0,2220.0,-7134.0,-195175.0,1550897860.0
5533,皇鼎,上市,-190000.0,0.0,-7000.0,-197000.0,285244944.0
9802,鈺齊-KY,上市,-192000.0,-33.0,-5933.0,-197966.0,200991673.0
6789,采鈺,上市,-12261.0,141000.0,-328376.0,-199637.0,318299119.0
1616,億泰,上市,-189000.0,0.0,-11806.0,-200806.0,194148515.0
3052,夆典,上市,-205000.0,0.0,3000.0,-202000.0,233245771.0
2007,燁興,上市,-188000.0,0.0,-16000.0,-204000.0,530651613.0
1110,東泥,上市,-167000.0,0.0,-38000.0,-205000.0,572000797.0
1217,愛之味,上市,-165999.0,0.0,-40000.0,-205999.0,494513336.0
8016,矽創,上市,-200000.0,5341.0,-11578.0,-206237.0,120136876.0
6805,富世達,上市,-182982.0,91000.0,-115346.0,-207328.0,68553896.0
2613,中櫃,上市,-219460.0,0.0,5000.0,-214460.0,148423458.0
00965,元大航太防衛科技,上市,-308590.0,0.0,94033.0,-214557.0,732492000.0
00939,統一台灣高息動能,上市,-1768566.0,0.0,1553631.0,-214935.0,1515976000.0
2540,愛山林,上市,-114397.0,0.0,-101000.0,-215397.0,944873965.0
1802,台玻,上市,229302.0,0.0,-444971.0,-215669.0,2908060800.0
6830,汎銓,上市,-216780.0,0.0,544.0,-216236.0,51781846.0
2453,凌群,上市,-210400.0,0.0,-7000.0,-217400.0,100000000.0
3443,創意,上市,-40103.0,-53000.0,-124431.0,-217534.0,134011911.0
3060,銘異,上市,-192999.0,0.0,-25006.0,-218005.0,137563190.0
2832,台產,上市,-204000.0,0.0,-15252.0,-219252.0,253540280.0
3033,威健,上市,-203000.0,0.0,-17416.0,-220416.0,478694110.0
00651R,復華香港反1,上市,-31000.0,0.0,-190430.0,-221430.0,34192000.0
3545,敦泰,上市,-197763.0,0.0,-24799.0,-222562.0,221312881.0
3305,昇貿,上市,7700.0,0.0,-231363.0,-223663.0,134237474.0
2360,致茂,上市,-230733.0,39753.0,-33717.0,-224697.0,425261742.0
1234,黑松,上市,-206600.0,0.0,-18185.0,-224785.0,401871094.0
1464,得力,上市,-149700.0,0.0,-76000.0,-225700.0,425575733.0
6196,帆宣,上市,-154291.0,-60.0,-76747.0,-231098.0,202204480.0
5531,鄉林,上市,-201000.0,0.0,-31000.0,-232000.0,1077589245.0
4952,凌通,上市,-224500.0,0.0,-8000.0,-232500.0,108815816.0
3712,永崴投控,上市,-221736.0,0.0,-12000.0,-233736.0,246242146.0
3022,威強電,上市,-225052.0,8000.0,-19661.0,-236713.0,176597790.0
7786,東方風能,上市,-233419.0,0.0,-4972.0,-238391.0,175361444.0
00912,中信臺灣智慧50,上市,800.0,0.0,-239972.0,-239172.0,56753000.0
4927,泰鼎-KY,上市,-227641.0,0.0,-19084.0,-246725.0,264937988.0
4968,立積,上市,-227400.0,0.0,-20109.0,-247509.0,92209898.0
3031,佰鴻,上市,-239552.0,0.0,-10115.0,-249667.0,173203224.0
1532,勤美,上市,-217000.0,-5122.0,-28785.0,-250907.0,422604271.0
1907,永豐餘,上市,-136940.0,-9996.0,-105730.0,-252666.0,1660371495.0
00662,富邦NASDAQ,上市,-1190286.0,0.0,936869.0,-253417.0,691029000.0
1108,幸福,上市,-237833.0,0.0,-19000.0,-256833.0,404738049.0
5284,jpp-KY,上市,-171000.0,0.0,-87351.0,-258351.0,50928860.0
1201,味全,上市,-217850.0,0.0,-42073.0,-259923.0,506062914.0
3437,榮創,上市,-262368.0,0.0,1000.0,-261368.0,144548000.0
00876,元大全球5G,上市,-514.0,0.0,-264321.0,-264835.0,77524000.0
4720,德淵,上市,-255000.0,0.0,-11000.0,-266000.0,114516037.0
4532,瑞智,上市,-196000.0,-5623.0,-67069.0,-268692.0,504895105.0
4164,承業醫,上市,-256000.0,0.0,-14193.0,-270193.0,185711966.0
2457,飛宏,上市,-48379.0,0.0,-222155.0,-270534.0,424772416.0
3583,辛耘,上市,-263000.0,1000.0,-11545.0,-273545.0,80328000.0
1709,和益,上市,-264002.0,0.0,-10000.0,-274002.0,477016272.0
2419,仲琦,上市,-237000.0,0.0,-38947.0,-275947.0,321317229.0
6142,友勁,上市,-268000.0,0.0,-12000.0,-280000.0,330779215.0
2108,南帝,上市,-225000.0,0.0,-56401.0,-281401.0,492416659.0
00930,永豐ESG低碳高息,上市,-178000.0,0.0,-106208.0,-284208.0,208779000.0
3024,憶聲,上市,-277919.0,0.0,-7000.0,-284919.0,277157496.0
8081,致新,上市,-273000.0,4000.0,-17969.0,-286969.0,86172072.0
1477,聚陽,上市,-542300.0,202505.0,49184.0,-290611.0,246693713.0
8163,達方,上市,-268000.0,-3801.0,-19362.0,-291163.0,280000001.0
3047,訊舟,上市,-258736.0,0.0,-34919.0,-293655.0,223700858.0
00956,中信日經高股息,上市,-47000.0,0.0,-249873.0,-296873.0,33130000.0
9910,豐泰,上市,-105909.0,-2154.0,-192192.0,-300255.0,987482831.0
2338,光罩,上市,-335887.0,0.0,35215.0,-300672.0,316849183.0
3011,今皓,上市,-301275.0,0.0,-3000.0,-304275.0,129646851.0
1723,中碳,上市,-272999.0,0.0,-35000.0,-307999.0,236904480.0
00892,富邦台灣半導體,上市,-640416.0,0.0,332102.0,-308314.0,245792000.0
2630,亞航,上市,-275000.0,0.0,-34999.0,-309999.0,209438204.0
6944,兆聯實業,上市,-238064.0,-417.0,-72239.0,-310720.0,76308312.0
2538,基泰,上市,-285800.0,0.0,-28000.0,-313800.0,445025495.0
6901,鑽石投資,上市,-272000.0,0.0,-43000.0,-315000.0,851800000.0
6691,洋基工程,上市,-291560.0,48000.0,-72646.0,-316206.0,121487209.0
6669,緯穎,上市,-265746.0,19983.0,-73811.0,-319574.0,185840791.0
2354,鴻準,上市,-190164.0,34000.0,-165394.0,-321558.0,1414485192.0
6456,GIS-KY,上市,-156747.0,0.0,-167027.0,-323774.0,337939800.0
8215,明基材,上市,-332000.0,26000.0,-24000.0,-330000.0,320674514.0
2903,遠百,上市,-194000.0,0.0,-137125.0,-331125.0,1416940589.0
4142,國光生,上市,-286700.0,0.0,-45666.0,-332366.0,429507750.0
2351,順德,上市,-184950.0,0.0,-149671.0,-334621.0,182140249.0
9938,百和,上市,-314826.0,0.0,-22097.0,-336923.0,297963902.0
8103,瀚荃,上市,-299000.0,0.0,-41206.0,-340206.0,78436671.0
00932,兆豐永續高息等權,上市,-657000.0,0.0,316629.0,-340371.0,216283000.0
2258,鴻華先進-創,上市,-143160.0,0.0,-200428.0,-343588.0,1741314000.0
4551,智伸科,上市,-336000.0,0.0,-8198.0,-344198.0,115222498.0
00936,台新永續高息中小,上市,-684000.0,0.0,336379.0,-347621.0,408797000.0
3605,宏致,上市,-320000.0,0.0,-28720.0,-348720.0,162353086.0
3543,州巧,上市,-349000.0,0.0,-1000.0,-350000.0,110263150.0
1225,福懋油,上市,-164736.0,0.0,-187000.0,-351736.0,242268306.0
6753,龍德造船,上市,-176547.0,0.0,-178012.0,-354559.0,113137500.0
00690,兆豐藍籌30,上市,-2000.0,0.0,-354997.0,-356997.0,78330000.0
2031,新光鋼,上市,-320300.0,0.0,-40553.0,-360853.0,321146341.0
2905,三商,上市,-255000.0,0.0,-105903.0,-360903.0,1110371703.0
3029,零壹,上市,-359005.0,-2397.0,286.0,-361116.0,167005212.0
6449,鈺邦,上市,-343021.0,-50.0,-18209.0,-361280.0,91918514.0
1611,中電,上市,-319011.0,0.0,-42320.0,-361331.0,322735742.0
3167,大量,上市,-354150.0,0.0,-9213.0,-363363.0,88361787.0
1316,上曜,上市,-354500.0,0.0,-10342.0,-364842.0,367089019.0
1103,嘉泥,上市,-306000.0,0.0,-71000.0,-377000.0,790247459.0
3048,益登,上市,-314000.0,0.0,-63468.0,-377468.0,269829794.0
3413,京鼎,上市,-394000.0,36000.0,-22767.0,-380767.0,108022907.0
2528,皇普,上市,-414000.0,0.0,28573.0,-385427.0,434026467.0
00911,兆豐洲際半導體,上市,-42513.0,0.0,-343625.0,-386138.0,19903000.0
3008,大立光,上市,-340577.0,10892.0,-58820.0,-388505.0,133468197.0
2923,鼎固-KY,上市,-377645.0,0.0,-12000.0,-389645.0,1740296982.0
3015,全漢,上市,-382552.0,6444.0,-15493.0,-391601.0,187261950.0
00645,富邦日本,上市,-10830.0,0.0,-383731.0,-394561.0,55997000.0
1789,神隆,上市,-306250.0,0.0,-95267.0,-401517.0,790739222.0
1773,勝一,上市,-356000.0,0.0,-47272.0,-403272.0,300000000.0
2211,長榮鋼,上市,-363000.0,-1325.0,-39411.0,-403736.0,417091463.0
3704,合勤控,上市,-364000.0,0.0,-41285.0,-405285.0,415444970.0
9103,美德醫療-DR,上市,-409000.0,0.0,0.0,-409000.0,205531500.0
00770,國泰北美科技,上市,-406734.0,0.0,-3571.0,-410305.0,93958000.0
2302,麗正,上市,-409000.0,0.0,-8542.0,-417542.0,166302881.0
2388,威盛,上市,-362700.0,0.0,-55419.0,-418119.0,555600941.0
00730,富邦臺灣優質高息,上市,-105991.0,0.0,-315538.0,-421529.0,77544000.0
2539,櫻花建,上市,-355000.0,-5542.0,-62002.0,-422544.0,1193102581.0
1447,力鵬,上市,-400700.0,0.0,-23000.0,-423700.0,910071242.0
2849,安泰銀,上市,-319876.0,0.0,-104000.0,-423876.0,1957609349.0
2537,聯上發,上市,-407102.0,0.0,-17181.0,-424283.0,300557795.0
9917,中保科,上市,-347633.0,0.0,-78853.0,-426486.0,451197093.0
1310,台苯,上市,-359338.0,0.0,-67304.0,-426642.0,527869764.0
1736,喬山,上市,-387980.0,0.0,-39939.0,-427919.0,303394617.0
1444,力麗,上市,-356000.0,0.0,-77061.0,-433061.0,995595059.0
00934,中信成長高股息,上市,-387000.0,0.0,-47058.0,-434058.0,455026000.0
2615,萬海,上市,-1027078.0,4312.0,585397.0,-437369.0,2806146293.0
00706L,期元大S&P日圓正2,上市,-56000.0,0.0,-382658.0,-438658.0,182270853.0
00905,FT臺灣Smart,上市,-396700.0,0.0,-44527.0,-441227.0,363827000.0
6806,森崴能源,上市,-408828.0,0.0,-34176.0,-443004.0,274642902.0
6139,亞翔,上市,-194792.0,5930.0,-256176.0,-445038.0,233319058.0
2913,農林,上市,-381900.0,0.0,-65996.0,-447896.0,790000000.0
00692,富邦公司治理,上市,30470.0,0.0,-480463.0,-449993.0,648280000.0
00640L,富邦日本正2,上市,3000.0,0.0,-453768.0,-450768.0,13419000.0
2883B,凱基金乙特,上市,-560000.0,0.0,104000.0,-456000.0,1582142374.0
1612,宏泰,上市,-424000.0,0.0,-33775.0,-457775.0,316080063.0
5222,全訊,上市,-395717.0,0.0,-64697.0,-460414.0,90866968.0
9934,成霖,上市,-425000.0,0.0,-36000.0,-461000.0,411016962.0
00920,富邦ESG綠色電力,上市,-200039.0,0.0,-265000.0,-465039.0,16780000.0
1519,華城,上市,-2671.0,-353828.0,-116029.0,-472528.0,315880844.0
2501,國建,上市,-324000.0,0.0,-150644.0,-474644.0,1159561059.0
2368,金像電,上市,-1078326.0,704860.0,-101262.0,-474728.0,491839505.0
1229,聯華,上市,-284240.0,0.0,-192052.0,-476292.0,1795960668.0
8021,尖點,上市,-444776.0,0.0,-32375.0,-477151.0,145042467.0
2614,東森,上市,-469300.0,0.0,-8000.0,-477300.0,327264946.0
2645,長榮航太,上市,-427307.0,0.0,-54889.0,-482196.0,374570962.0
1307,三芳,上市,-474600.0,0.0,-10126.0,-484726.0,397818126.0
4526,東台,上市,-452736.0,0.0,-37754.0,-490490.0,254826461.0
8070,長華*,上市,-397508.0,0.0,-96439.0,-493947.0,725648455.0
3042,晶技,上市,-474300.0,0.0,-20345.0,-494645.0,342992971.0
009802,富邦旗艦50,上市,-77100.0,0.0,-418661.0,-495761.0,544495000.0
00941,中信上游半導體,上市,-551800.0,0.0,47523.0,-504277.0,488791000.0
2034,允強,上市,-444748.0,0.0,-66457.0,-511205.0,523547879.0
00661,元大日經225,上市,-30930.0,0.0,-482189.0,-513119.0,25425000.0
2474,可成,上市,-663547.0,52000.0,93449.0,-518098.0,592169068.0
2441,超豐,上市,-200170.0,0.0,-319520.0,-519690.0,568845921.0
1455,集盛,上市,-487000.0,0.0,-44001.0,-531001.0,531688380.0
8210,勤誠,上市,-482337.0,42400.0,-96553.0,-536490.0,125302665.0
1810,和成,上市,-498975.0,-15721.0,-24020.0,-538716.0,302303719.0
2345,智邦,上市,-784014.0,166881.0,68829.0,-548304.0,561117897.0
2102,泰豐,上市,-522952.0,0.0,-29381.0,-552333.0,473329207.0
4739,康普,上市,-512040.0,9000.0,-52096.0,-555136.0,124649269.0
1309,台達化,上市,-681100.0,0.0,123005.0,-558095.0,397586848.0
1442,名軒,上市,-556000.0,0.0,-20079.0,-576079.0,366211358.0
6706,惠特,上市,-378000.0,0.0,-207369.0,-585369.0,78548865.0
3376,新日興,上市,-546498.0,30000.0,-68948.0,-585446.0,195763822.0
4722,國精化,上市,-542368.0,0.0,-43373.0,-585741.0,101059159.0
1905,華紙,上市,-470000.0,0.0,-121210.0,-591210.0,1102835316.0
2206,三陽工業,上市,-500999.0,-4336.0,-89045.0,-594380.0,783675604.0
3592,瑞鼎,上市,-580845.0,4000.0,-18077.0,-594922.0,75855226.0
2204,中華,上市,-526901.0,-2289.0,-68153.0,-597343.0,553620342.0
6550,北極星藥業-KY,上市,-525650.0,0.0,-77168.0,-602818.0,859892688.0
6412,群電,上市,-937400.0,370601.0,-49003.0,-615802.0,400769126.0
2851,中再保,上市,-499668.0,0.0,-117000.0,-616668.0,800388750.0
2392,正崴,上市,-469995.0,0.0,-160732.0,-630727.0,512326940.0
2106,建大,上市,-531900.0,0.0,-99825.0,-631725.0,954890000.0
6278,台表科,上市,-701004.0,137718.0,-70510.0,-633796.0,292398353.0
1536,和大,上市,-580098.0,0.0,-54122.0,-634220.0,278959513.0
2387,精元,上市,-793800.0,0.0,151469.0,-642331.0,195251051.0
3035,智原,上市,-386670.0,0.0,-271339.0,-658009.0,260550313.0
5876,上海商銀,上市,-1709428.0,0.0,1044454.0,-664974.0,4861603140.0
9907,統一實,上市,-470000.0,-7675.0,-188204.0,-665879.0,1579145342.0
1440,南紡,上市,-479999.0,0.0,-186018.0,-666017.0,1656815857.0
2101,南港,上市,-590000.0,0.0,-93085.0,-683085.0,733934904.0
8105,凌巨,上市,-654198.0,0.0,-33000.0,-687198.0,441544851.0
2010,春源,上市,-636000.0,0.0,-62000.0,-698000.0,647655390.0
6269,台郡,上市,-654200.0,0.0,-56438.0,-710638.0,323131481.0
2312,金寶,上市,128400.0,-398000.0,-444760.0,-714360.0,1504839211.0
1582,信錦,上市,-587900.0,0.0,-126890.0,-714790.0,144268604.0
2838,聯邦銀,上市,-267400.0,0.0,-454308.0,-721708.0,4340551779.0
00735,國泰臺韓科技,上市,-106250.0,0.0,-626199.0,-732449.0,67289000.0
2363,矽統,上市,-593569.0,0.0,-139244.0,-732813.0,514988161.0
4906,正文,上市,-710700.0,-5350.0,-18446.0,-734496.0,427594111.0
00989A,主動摩根美國科技,上市,-825900.0,0.0,74812.0,-751088.0,125117000.0
6672,騰輝電子-KY,上市,-747000.0,0.0,-5124.0,-752124.0,71434745.0
00894,中信小資高價30,上市,-511120.0,0.0,-243801.0,-754921.0,141009000.0
2349,錸德,上市,-743000.0,0.0,-22000.0,-765000.0,693679663.0
2486,一詮,上市,151019.0,-513000.0,-405101.0,-767082.0,233958579.0
2633,台灣高鐵,上市,-527796.0,0.0,-248591.0,-776387.0,5628293058.0
4916,事欣科,上市,-669000.0,0.0,-111479.0,-780479.0,110602900.0
3702,大聯大,上市,-2573974.0,1565000.0,217133.0,-791841.0,1679056833.0
5388,中磊,上市,-707731.0,0.0,-91816.0,-799547.0,300429542.0
6271,同欣電,上市,-320444.0,0.0,-479169.0,-799613.0,209058024.0
00983A,主動中信ARK創新,上市,-1299900.0,0.0,482182.0,-817718.0,295686000.0
2731,雄獅,上市,-797950.0,1000.0,-24765.0,-821715.0,93277739.0
3090,日電貿,上市,-786100.0,-1815.0,-34815.0,-822730.0,287567150.0
2316,楠梓電,上市,-699280.0,0.0,-124109.0,-823389.0,182740536.0
1216,統一,上市,-2602984.0,342555.0,1430801.0,-829628.0,5682015421.0
00850,元大臺灣ESG永續,上市,-530610.0,105000.0,-407712.0,-833322.0,436944000.0
3450,聯鈞,上市,-100385.0,-493000.0,-241351.0,-834736.0,145681382.0
2401,凌陽,上市,-696839.0,0.0,-138308.0,-835147.0,591994919.0
2377,微星,上市,-922286.0,46000.0,33072.0,-843214.0,844856199.0
2340,台亞,上市,-755999.0,0.0,-97227.0,-853226.0,438622846.0
009812,野村日本東證,上市,-16009.0,0.0,-870843.0,-886852.0,118382000.0
3026,禾伸堂,上市,-860600.0,3000.0,-31492.0,-889092.0,165890318.0
3014,聯陽,上市,-882000.0,5944.0,-17180.0,-893236.0,166020124.0
3596,智易,上市,-1086575.0,0.0,189574.0,-897001.0,220354321.0
6176,瑞儀,上市,-1058580.0,52987.0,105032.0,-900561.0,465027263.0
3661,世芯-KY,上市,-853971.0,4516.0,-69289.0,-918744.0,80855695.0
2367,燿華,上市,-429291.0,0.0,-490276.0,-919567.0,706253175.0
3380,明泰,上市,-742000.0,0.0,-188336.0,-930336.0,541718460.0
3673,TPK-KY,上市,-847799.0,0.0,-82638.0,-930437.0,406663759.0
2328,廣宇,上市,-885099.0,0.0,-59610.0,-944709.0,518346282.0
1337,再生-KY,上市,-939828.0,0.0,-6392.0,-946220.0,268954729.0
8039,台虹,上市,-188920.0,10000.0,-767630.0,-946550.0,256650999.0
2406,國碩,上市,-921950.0,0.0,-27762.0,-949712.0,350905689.0
6120,達運,上市,-804400.0,0.0,-151187.0,-955587.0,598999602.0
1608,華榮,上市,-831000.0,-6908.0,-119647.0,-957555.0,632773506.0
5608,四維航,上市,-859899.0,0.0,-112755.0,-972654.0,389271614.0
3017,奇鋐,上市,-898517.0,118072.0,-201877.0,-982322.0,388167157.0
5521,工信,上市,13000.0,0.0,-997675.0,-984675.0,492280155.0
4306,炎洲,上市,-927800.0,0.0,-58000.0,-985800.0,676757216.0
1319,東陽,上市,-835540.0,-347506.0,192676.0,-990370.0,591477068.0
2511,太子,上市,-824336.0,0.0,-182000.0,-1006336.0,1623326147.0
1102,亞泥,上市,-1690897.0,61973.0,615634.0,-1013290.0,3546562881.0
6152,百一,上市,-1007901.0,0.0,-7000.0,-1014901.0,167738463.0
2436,偉詮電,上市,-796800.0,0.0,-243843.0,-1040643.0,199928074.0
4989,榮科,上市,-1083500.0,0.0,-1273.0,-1084773.0,137776500.0
1434,福懋,上市,-920000.0,0.0,-168242.0,-1088242.0,1684664637.0
1708,東鹼,上市,-1194000.0,0.0,96574.0,-1097426.0,249001651.0
3062,建漢,上市,-1035284.0,0.0,-82590.0,-1117874.0,330136018.0
1711,永光,上市,-549450.0,0.0,-589491.0,-1138941.0,547752226.0
00949,復華日本龍頭,上市,-288000.0,0.0,-858897.0,-1146897.0,211928000.0
3714,富采,上市,-1061910.0,0.0,-153668.0,-1215578.0,737940460.0
2547,日勝生,上市,-1142312.0,0.0,-81001.0,-1223313.0,1035094649.0
00952,凱基台灣AI50,上市,-1315534.0,0.0,72064.0,-1243470.0,233275000.0
1710,東聯,上市,-1161000.0,0.0,-99812.0,-1260812.0,885703029.0
4763,材料*-KY,上市,-1006274.0,-8390.0,-270261.0,-1284925.0,989146670.0
2439,美律,上市,-1309383.0,24643.0,-16282.0,-1301022.0,253839614.0
1503,士電,上市,-1119083.0,-3000.0,-204323.0,-1326406.0,520972223.0
8261,富鼎,上市,-1265226.0,0.0,-62600.0,-1327826.0,118792493.0
2472,立隆電,上市,-1103000.0,-90.0,-242391.0,-1345481.0,164735137.0
009804,聯邦台精彩50,上市,-291950.0,0.0,-1077438.0,-1369388.0,108392000.0
1909,榮成,上市,-1223000.0,0.0,-165009.0,-1388009.0,1327685727.0
2836,高雄銀,上市,-1185000.0,0.0,-216733.0,-1401733.0,1839916985.0
009800,中信NASDAQ,上市,99529.0,0.0,-1571855.0,-1472326.0,317391000.0
5871,中租-KY,上市,-1304307.0,6097.0,-185175.0,-1483385.0,1711421161.0
2014,中鴻,上市,-1263869.0,0.0,-280387.0,-1544256.0,1435544446.0
1609,大亞,上市,-1242363.0,24000.0,-325970.0,-1544333.0,785261944.0
00947,台新臺灣IC設計,上市,-2668000.0,0.0,1080569.0,-1587431.0,216364000.0
2454,聯發科,上市,-2272447.0,494607.0,105605.0,-1672235.0,1603904290.0
2646,星宇航空,上市,-1409424.0,0.0,-280872.0,-1690296.0,3008735000.0
6116,彩晶,上市,-979200.0,0.0,-732262.0,-1711462.0,2858654851.0
9933,中鼎,上市,-1713000.0,30000.0,-38257.0,-1721257.0,898193124.0
2332,友訊,上市,-1696400.0,0.0,-70066.0,-1766466.0,602242373.0
00670L,富邦NASDAQ正2,上市,11100.0,0.0,-1823995.0,-1812895.0,95145000.0
2543,皇昌,上市,-1405914.0,0.0,-429140.0,-1835054.0,532383961.0
3706,神達,上市,-1581740.0,30520.0,-314816.0,-1866036.0,1327212468.0
1722,台肥,上市,-1870651.0,0.0,-7022.0,-1877673.0,980000000.0
6505,台塑化,上市,-3016411.0,-5428.0,1134701.0,-1887138.0,9525959652.0
2889,國票金,上市,-1468520.0,-10000.0,-451000.0,-1929520.0,3633563471.0
6257,矽格,上市,-1328483.0,-144000.0,-465627.0,-1938110.0,483912325.0
2355,敬鵬,上市,-1507000.0,17989.0,-449842.0,-1938853.0,397495420.0
2820,華票,上市,-1754416.0,0.0,-198000.0,-1952416.0,1342960000.0
4915,致伸,上市,-2293100.0,329190.0,-53204.0,-2017114.0,471142824.0
2498,宏達電,上市,-1653210.0,0.0,-383187.0,-2036397.0,835198486.0
3576,聯合再生,上市,-1940951.0,0.0,-115000.0,-2055951.0,1627795375.0
2426,鼎元,上市,-2090919.0,0.0,-4700.0,-2095619.0,300622252.0
1409,新纖,上市,-1889999.0,0.0,-232615.0,-2122614.0,1618409286.0
2887I,台新新光辛特,上市,-2143481.0,0.0,0.0,-2143481.0,3096420552.0
2103,台橡,上市,-2102403.0,0.0,-50454.0,-2152857.0,825709978.0
00904,台新臺灣半導體30,上市,-689000.0,0.0,-1469856.0,-2158856.0,174612000.0
00984A,主動安聯台灣高息,上市,-1967980.0,0.0,-206375.0,-2174355.0,352458000.0
8926,台汽電,上市,-2136900.0,0.0,-76786.0,-2213686.0,730282000.0
9105,泰金寶-DR,上市,-1995000.0,0.0,-229399.0,-2224399.0,1655366936.0
1513,中興電,上市,-1824342.0,0.0,-443433.0,-2267775.0,503112515.0
00646,元大S&P500,上市,-571984.0,0.0,-1710705.0,-2282689.0,519985000.0
3037,欣興,上市,-1055922.0,-619000.0,-616628.0,-2291550.0,1575531197.0
00685L,群益臺灣加權正2,上市,-16658.0,0.0,-2278568.0,-2295226.0,31639000.0
2492,華新科,上市,-1955890.0,5000.0,-360529.0,-2311419.0,485804774.0
009813,貝萊德標普卓越50,上市,-2278200.0,0.0,-58999.0,-2337199.0,631824000.0
00985A,主動野村台灣50,上市,-2716000.0,0.0,360557.0,-2355443.0,523789000.0
2301,光寶科,上市,-3792087.0,1429561.0,-70549.0,-2433075.0,2316775763.0
8028,昇陽半導體,上市,-2355198.0,0.0,-109156.0,-2464354.0,172628033.0
00994A,主動第一金台股優,上市,-1287900.0,0.0,-1246634.0,-2534534.0,86690000.0
00987A,主動台新優勢成長,上市,-3723000.0,0.0,1180211.0,-2542789.0,125643000.0
2201,裕隆,上市,-2293489.0,0.0,-261453.0,-2554942.0,1070001251.0
9945,潤泰新,上市,-2334308.0,0.0,-328509.0,-2662817.0,2844225086.0
2885,元大金,上市,-8110718.0,2316416.0,3117001.0,-2677301.0,13331149946.0
2603,長榮,上市,-5059233.0,2185793.0,156474.0,-2716966.0,2165042996.0
2308,台達電,上市,653780.0,267428.0,-3688840.0,-2767632.0,2597543329.0
6153,嘉聯益,上市,-2831000.0,0.0,-45342.0,-2876342.0,636177694.0
00693U,期街口S&P黃豆,上市,-525000.0,0.0,-2383413.0,-2908413.0,98666000.0
00951,台新日本半導體,上市,-1656768.0,0.0,-1260848.0,-2917616.0,263042000.0
2408,南亞科,上市,-2426118.0,115249.0,-636339.0,-2947208.0,3098627894.0
3005,神基,上市,-3257280.0,19000.0,267286.0,-2970994.0,620215900.0
2323,中環,上市,-2868312.0,0.0,-133648.0,-3001960.0,1089348328.0
2208,台船,上市,-2856225.0,0.0,-167445.0,-3023670.0,1274539449.0
00954,中信日本半導體,上市,770060.0,0.0,-3802642.0,-3032582.0,113247000.0
2606,裕民,上市,-2868150.0,-3514.0,-180171.0,-3051835.0,845055712.0
1314,中石化,上市,-2971380.0,0.0,-129245.0,-3100625.0,3784850130.0
00923,群益台ESG低碳50,上市,490608.0,0.0,-3629468.0,-3138860.0,959423000.0
1714,和桐,上市,-3098999.0,0.0,-60000.0,-3158999.0,991824808.0
2105,正新,上市,-3742516.0,59581.0,521763.0,-3161172.0,3241415536.0
00927,群益半導體收益,上市,-2982000.0,0.0,-219565.0,-3201565.0,596397000.0
00924,復華S&P500成長,上市,535192.0,0.0,-3745822.0,-3210630.0,471603000.0
00909,國泰數位支付服務,上市,-2680380.0,0.0,-687073.0,-3367453.0,197704000.0
1402,遠東新,上市,-3041303.0,32000.0,-608272.0,-3617575.0,5352875227.0
2104,國際中橡,上市,-3559000.0,0.0,-128642.0,-3687642.0,984733625.0
2356,英業達,上市,-4501692.0,138000.0,632921.0,-3730771.0,3587475066.0
1717,長興,上市,-3246004.0,0.0,-661870.0,-3907874.0,1172245483.0
2303,聯電,上市,-11969472.0,6582714.0,1291300.0,-4095458.0,12588156344.0
2382,廣達,上市,-5044810.0,570060.0,334850.0,-4139900.0,3862627432.0
2845,遠東銀,上市,-3579793.0,0.0,-628679.0,-4208472.0,4865284731.0
2881,富邦金,上市,-7615554.0,3328113.0,-68050.0,-4355491.0,14007364952.0
2634,漢翔,上市,-3997545.0,0.0,-378485.0,-4376030.0,941867101.0
009803,玉山市值動能50,上市,-119935.0,0.0,-4295674.0,-4415609.0,133828000.0
2327,國巨*,上市,-4391356.0,562850.0,-753322.0,-4581828.0,2072965820.0
00961,FT臺灣永續高息,上市,-665000.0,0.0,-4055711.0,-4720711.0,148011000.0
2884,玉山金,上市,-8598055.0,1070403.0,2780016.0,-4747636.0,16174000000.0
00885,富邦越南,上市,-4912492.0,0.0,161399.0,-4751093.0,743238000.0
6005,群益證,上市,-8088427.0,3074000.0,0.0,-5014427.0,2170908097.0
1305,華夏,上市,-5265713.0,0.0,-62988.0,-5328701.0,581050494.0
1308,亞聚,上市,-6245000.0,0.0,265079.0,-5979921.0,593743919.0
00946,群益科技高息成長,上市,-89000.0,0.0,-6057357.0,-6146357.0,634746000.0
3231,緯創,上市,-9096664.0,1296671.0,1370416.0,-6429577.0,3180412250.0
00891,中信關鍵半導體,上市,-2346420.0,0.0,-4324992.0,-6671412.0,1404590000.0
2605,新興,上市,-6041000.0,0.0,-640316.0,-6681316.0,585353297.0
2886,兆豐金,上市,-9676243.0,813619.0,2110835.0,-6751789.0,14833378282.0
00896,中信綠能及電動車,上市,7185.0,0.0,-6876765.0,-6869580.0,284380000.0
2481,強茂,上市,-6017750.0,-170.0,-874643.0,-6892563.0,382114927.0
00675L,富邦臺灣加權正2,上市,-3660900.0,0.0,-3673466.0,-7334366.0,119786000.0
00995A,主動中信台灣卓越,上市,-8009600.0,0.0,595983.0,-7413617.0,324535000.0
2027,大成鋼,上市,-11780556.0,3494000.0,666622.0,-7619934.0,2584260615.0
006208,富邦台50,上市,-425983.0,0.0,-7279233.0,-7705216.0,1860040000.0
5880,合庫金,上市,-8085181.0,784321.0,-410976.0,-7711836.0,15680936914.0
00935,野村臺灣新科技50,上市,101325.0,0.0,-7854327.0,-7753002.0,520004000.0
2313,華通,上市,-6922036.0,-124000.0,-914738.0,-7960774.0,1191820589.0
00980A,主動野村臺灣優選,上市,-3011490.0,0.0,-5092501.0,-8103991.0,704730000.0
2812,台中銀,上市,-7291794.0,0.0,-1545471.0,-8837265.0,6021625921.0
00642U,期元大S&P石油,上市,10912577.0,0.0,-19945448.0,-9032871.0,303321000.0
00671R,富邦NASDAQ反1,上市,-55000.0,0.0,-9022736.0,-9077736.0,571884000.0
3049,精金,上市,-9432392.0,0.0,-26883.0,-9459275.0,802010529.0
1313,聯成,上市,-9343000.0,0.0,-194000.0,-9537000.0,1330846107.0
1303,南亞,上市,-8723420.0,109757.0,-1431901.0,-10045564.0,7930821589.0
1718,中纖,上市,-9687990.0,0.0,-563939.0,-10251929.0,1685905745.0
3715,定穎投控,上市,-10132755.0,0.0,-863773.0,-10996528.0,283574584.0
00631L,元大台灣50正2,上市,170556.0,0.0,-11639027.0,-11468471.0,146084000.0
1304,台聚,上市,-12206900.0,0.0,455652.0,-11751248.0,1188763500.0
00673R,期元大S&P原油反1,上市,-6000.0,0.0,-11979279.0,-11985279.0,249550646.0
2485,兆赫,上市,-12064071.0,0.0,-502663.0,-12566734.0,317689037.0
00830,國泰費城半導體,上市,-4826232.0,0.0,-8863691.0,-13689923.0,818965000.0
3481,群創,上市,-2546090.0,338000.0,-11882278.0,-14090368.0,7989197337.0
1101,台泥,上市,-13185427.0,103000.0,-1527134.0,-14609561.0,7523181742.0
00881,國泰台灣科技龍頭,上市,-4365401.0,0.0,-11153993.0,-15519394.0,2411403000.0
2801,彰銀,上市,-14727645.0,0.0,-1581801.0,-16309446.0,11766046253.0
2610,華航,上市,-12373648.0,-2179000.0,-1959896.0,-16512544.0,6083923559.0
2609,陽明,上市,-16530827.0,42000.0,-267483.0,-16756310.0,3492104270.0
1312,國喬,上市,-17688990.0,0.0,874212.0,-16814778.0,1106620328.0
2618,長榮航,上市,-15348192.0,-1221694.0,-564115.0,-17134001.0,5400444335.0
00940,元大台灣價值高息,上市,-11578150.0,0.0,-5834525.0,-17412675.0,8544865000.0
00929,復華台灣科技優息,上市,-12341646.0,0.0,-5905025.0,-18246671.0,5951639000.0
00663L,國泰臺灣加權正2,上市,219280.0,0.0,-19537761.0,-19318481.0,151663000.0
00992A,主動群益科技創新,上市,-13429500.0,0.0,-6115828.0,-19545328.0,1137955000.0
00712,復華富時不動產,上市,-5257000.0,0.0,-14831669.0,-20088669.0,4589511000.0
00988A,主動統一全球創新,上市,-6549900.0,0.0,-15490603.0,-22040503.0,1000437000.0
00990A,主動元大AI新經濟,上市,-13175300.0,0.0,-8991003.0,-22166303.0,1936522000.0
1326,台化,上市,-17077078.0,-2383000.0,-3301394.0,-22761472.0,5861186291.0
00982A,主動群益台灣強棒,上市,-16431850.0,0.0,-11188352.0,-27620202.0,1987936000.0
00993A,主動安聯台灣,上市,-12004900.0,0.0,-15948926.0,-27953826.0,1351091000.0
2317,鴻海,上市,-30301493.0,1790025.0,-1806127.0,-30317595.0,13964222294.0
2002,中鋼,上市,-30636482.0,165510.0,-932715.0,-31403687.0,15734860997.0
2834,臺企銀,上市,-30469990.0,-1000.0,-1053287.0,-31524277.0,9718061849.0
1301,台塑,上市,-32821595.0,11930.0,-1996107.0,-34805772.0,6365740781.0
2330,台積電,上市,-37836794.0,2661429.0,-1626956.0,-36802321.0,25932524521.0
00918,大華優利高填息30,上市,-2003510.0,0.0,-40608243.0,-42611753.0,3554764000.0
0052,富邦科技,上市,-584727.0,555000.0,-53388718.0,-53418445.0,2440000000.0
00991A,主動復華未來50,上市,-17877200.0,0.0,-39883416.0,-57760616.0,2214416000.0
00922,國泰台灣領袖50,上市,-28356312.0,0.0,-35662450.0,-64018762.0,1638186000.0
00878,國泰永續高股息,上市,-15825225.0,0.0,-51294275.0,-67119500.0,19985290000.0
0056,元大高股息,上市,13146360.0,0.0,-90950722.0,-77804362.0,13792534000.0
00981A,主動統一台股增長,上市,-9252348.0,0.0,-188371442.0,-197623790.0,4066209000.0
00919,群益台灣精選高息,上市,-7561865.0,0.0,-278778898.0,-286340763.0,17827635000.0
0050,元大台灣50,上市,-200178300.0,4948000.0,-150453213.0,-345683513.0,17558500000.0
009816,凱基台灣TOP50,上市,-12323771.0,0.0,-529955531.0,-542279302.0,7307344000.0
